n,p,a,conrey,tam_orbita,orden,chi2,chip_1,vueltas,lambda_tilde_min,pares_ausentes,Jmax,piso1_d,piso1_e,piso1_vp_indice,piso1_Z_pn,piso1_Z_n,piso1_cert_K
3,5,2,2,1,2,1,False,PPPP,0,2;14,16,1,8,4,1,0,0
3,5,3,2,1,2,1,False,PPPP,0,2;14;74,84,1,8,4,1,0,0
3,5,4,2,1,2,1,False,PPPP,0,2;14;74;374,424,1,8,4,1,0,0
7,5,2,3;5,2,6,2,False,PPPP,0,,16,3,10,15,1,1,0
7,5,2,6,1,2,0,False,APPP,1,0;4,16,3,10,15,1,1,0
7,5,3,3;5,2,6,2,False,PPPP,0,,84,3,10,15,1,1,0
7,5,3,6,1,2,0,False,APPP,1,0;4;24,84,3,10,15,1,1,0
7,5,4,3;5,2,6,2,False,PPPP,0,,424,3,10,15,1,1,0
7,5,4,6,1,2,0,False,APPP,1,0;4;24;124,424,3,10,15,1,1,0
9,5,2,2;5,2,6,1,False,PPPP,0,,16,3,8,14,1,0,0
9,5,3,2;5,2,6,1,False,PPPP,0,,84,3,8,14,1,0,0
9,5,4,2;5,2,6,1,False,PPPP,0,,424,3,8,14,1,0,0
13,5,2,2;6,2,12,1,False,PPPP,0,,16,6,5,28,0,0,0
13,5,2,8,1,4,1,False,PPPP,0,,16,6,5,28,0,0,0
13,5,2,7;11,2,12,7,False,PPPP,0,,16,6,5,28,0,0,0
13,5,2,5,1,4,3,False,PPPP,0,,16,6,5,28,0,0,0
13,5,3,2;6,2,12,1,False,PPPP,0,,84,6,5,28,0,0,0
13,5,3,8,1,4,1,False,PPPP,0,,84,6,5,28,0,0,0
13,5,3,7;11,2,12,7,False,PPPP,0,,84,6,5,28,0,0,0
13,5,3,5,1,4,3,False,PPPP,0,,84,6,5,28,0,0,0
13,5,4,2;6,2,12,1,False,PPPP,0,,424,6,5,28,0,0,0
13,5,4,8,1,4,1,False,PPPP,0,,424,6,5,28,0,0,0
13,5,4,7;11,2,12,7,False,PPPP,0,,424,6,5,28,0,0,0
13,5,4,5,1,4,3,False,PPPP,0,,424,6,5,28,0,0,0
17,5,2,3;5;12;14,4,16,14,False,PPPP,0,,16,8,9,43,5,0,0
17,5,2,6;7;10;11,4,16,10,False,PPPP,0,,16,8,9,43,5,0,0
17,5,3,3;5;12;14,4,16,14,False,PPPP,0,,84,8,9,43,5,0,0
17,5,3,6;7;10;11,4,16,10,False,PPPP,0,,84,8,9,43,5,0,0
17,5,4,3;5;12;14,4,16,14,False,PPPP,0,,424,8,9,43,5,0,0
17,5,4,6;7;10;11,4,16,10,False,PPPP,0,,424,8,9,43,5,0,0
19,5,2,2;3;10;13;14;15,6,18,1,False,PPPP,0,,16,9,8,44,1,0,0
19,5,2,8;12,2,6,1,False,PPPP,0,,16,9,8,44,1,0,0
19,5,2,18,1,2,1,True,APPP,1,2;4;14,16,9,8,44,1,0,0
19,5,3,2;3;10;13;14;15,6,18,1,False,PPPP,0,,84,9,8,44,1,0,0
19,5,3,8;12,2,6,1,False,PPPP,0,,84,9,8,44,1,0,0
19,5,3,18,1,2,1,True,APPP,1,2;4;14;24;74,84,9,8,44,1,0,0
19,5,4,2;3;10;13;14;15,6,18,1,False,PPPP,0,,424,9,8,44,1,0,0
19,5,4,8;12,2,6,1,False,PPPP,0,,424,9,8,44,1,0,0
19,5,4,18,1,2,1,True,APPP,1,2;4;14;24;74;124;374,424,9,8,44,1,0,0
21,5,2,2;11,2,6,1,False,PPPP,0,,16,6,10,31,2,1,0
21,5,3,2;11,2,6,1,False,PPPP,0,,84,6,10,31,2,1,0
21,5,4,2;11,2,6,1,False,PPPP,0,,424,6,10,31,2,1,0
23,5,2,5;10;11;19;20,5,22,2,False,PPPP,0,,16,11,10,55,1,1,0
23,5,2,7;14;15;17;21,5,22,14,False,PPPP,0,,16,11,10,55,1,1,0
23,5,2,22,1,2,0,False,APPP,1,0;4,16,11,10,55,1,1,0
23,5,3,5;10;11;19;20,5,22,2,False,PPPP,0,,84,11,10,55,1,1,0
23,5,3,7;14;15;17;21,5,22,14,False,PPPP,0,,84,11,10,55,1,1,0
23,5,3,22,1,2,0,False,APPP,1,0;4;24,84,11,10,55,1,1,0
23,5,4,5;10;11;19;20,5,22,2,False,PPPP,0,,424,11,10,55,1,1,0
23,5,4,7;14;15;17;21,5,22,14,False,PPPP,0,,424,11,10,55,1,1,0
23,5,4,22,1,2,0,False,APPP,1,0;4;24;124,424,11,10,55,1,1,0
27,5,2,2;5;11;14;20;23,6,18,1,False,PPPP,0,,16,9,8,44,1,0,0
27,5,3,2;5;11;14;20;23,6,18,1,False,PPPP,0,,84,9,8,44,1,0,0
27,5,4,2;5;11;14;20;23,6,18,1,False,PPPP,0,,424,9,8,44,1,0,0
29,5,2,2;3;11;14;19;21,6,28,1,False,PPPP,0,,16,14,5,68,0,0,0
29,5,2,8;10;15;18;26;27,6,28,3,False,PPPP,0,,16,14,5,68,0,0,0
29,5,2,12,1,4,1,False,PPPP,0,,16,14,5,68,0,0,0
29,5,2,17,1,4,3,False,PPPP,0,,16,14,5,68,0,0,0
29,5,3,2;3;11;14;19;21,6,28,1,False,PPPP,0,,84,14,5,68,0,0,0
29,5,3,8;10;15;18;26;27,6,28,3,False,PPPP,0,,84,14,5,68,0,0,0
29,5,3,12,1,4,1,False,PPPP,0,,84,14,5,68,0,0,0
29,5,3,17,1,4,3,False,PPPP,0,,84,14,5,68,0,0,0
29,5,4,2;3;11;14;19;21,6,28,1,False,PPPP,0,,424,14,5,68,0,0,0
29,5,4,8;10;15;18;26;27,6,28,3,False,PPPP,0,,424,14,5,68,0,0,0
29,5,4,12,1,4,1,False,PPPP,0,,424,14,5,68,0,0,0
29,5,4,17,1,4,3,False,PPPP,0,,424,14,5,68,0,0,0
37,5,2,2;15;18;20;24;32,6,36,1,False,PPPP,0,,16,18,8,90,2,0,0
37,5,2,8;23,2,12,1,False,PPPP,0,,16,18,8,90,2,0,0
37,5,2,5;13;17;19;22;35,6,36,7,False,PPPP,0,,16,18,8,90,2,0,0
37,5,2,31,1,4,1,False,PPPP,0,,16,18,8,90,2,0,0
37,5,2,14;29,2,12,7,False,PPPP,0,,16,18,8,90,2,0,0
37,5,2,6,1,4,3,False,PPPP,0,2;14,16,18,8,90,2,0,0
37,5,3,2;15;18;20;24;32,6,36,1,False,PPPP,0,,84,18,8,90,2,0,0
37,5,3,8;23,2,12,1,False,PPPP,0,,84,18,8,90,2,0,0
37,5,3,5;13;17;19;22;35,6,36,7,False,PPPP,0,,84,18,8,90,2,0,0
37,5,3,31,1,4,1,False,PPPP,0,,84,18,8,90,2,0,0
37,5,3,14;29,2,12,7,False,PPPP,0,,84,18,8,90,2,0,0
37,5,3,6,1,4,3,False,PPPP,0,2;14;74,84,18,8,90,2,0,0
37,5,4,2;15;18;20;24;32,6,36,1,False,PPPP,0,,424,18,8,90,2,0,0
37,5,4,8;23,2,12,1,False,PPPP,0,,424,18,8,90,2,0,0
37,5,4,5;13;17;19;22;35,6,36,7,False,PPPP,0,,424,18,8,90,2,0,0
37,5,4,31,1,4,1,False,PPPP,0,,424,18,8,90,2,0,0
37,5,4,14;29,2,12,7,False,PPPP,0,,424,18,8,90,2,0,0
37,5,4,6,1,4,3,False,PPPP,0,2;14;74;374,424,18,8,90,2,0,0
39,5,2,17;23,2,6,4,True,APPP,1,4,16,12,10,63,4,1,0
39,5,2,29;35,2,6,5,False,PPPP,0,,16,12,10,63,4,1,0
39,5,2,38,1,2,0,True,AAPP,2,0;4;8,16,12,10,63,4,1,0
39,5,3,17;23,2,6,4,True,APPP,1,4;24,84,12,10,63,4,1,0
39,5,3,29;35,2,6,5,False,PPPP,0,,84,12,10,63,4,1,0
39,5,3,38,1,2,0,True,AAPP,2,0;4;8;24;44,84,12,10,63,4,1,0
39,5,4,17;23,2,6,4,True,APPP,1,4;24;124,424,12,10,63,4,1,0
39,5,4,29;35,2,6,5,False,PPPP,0,,424,12,10,63,4,1,0
39,5,4,38,1,2,0,True,AAPP,2,0;4;8;24;44;124;224,424,12,10,63,4,1,0
43,5,2,3;5;20;26;28;29,6,42,27,False,PPPP,0,,16,21,8,106,3,0,0
43,5,2,2;8;22;27;32;39,6,14,13,False,PPPP,0,,16,21,8,106,3,0,0
43,5,2,7;37,2,6,3,False,PPPP,0,2;14,16,21,8,106,3,0,0
43,5,2,12;18;19;30;33;34,6,42,3,False,PPPP,0,,16,21,8,106,3,0,0
43,5,2,42,1,2,1,False,PPPP,0,2;14,16,21,8,106,3,0,0
43,5,3,3;5;20;26;28;29,6,42,27,False,PPPP,0,,84,21,8,106,3,0,0
43,5,3,2;8;22;27;32;39,6,14,13,False,PPPP,0,,84,21,8,106,3,0,0
43,5,3,7;37,2,6,3,False,PPPP,0,2;14;74,84,21,8,106,3,0,0
43,5,3,12;18;19;30;33;34,6,42,3,False,PPPP,0,,84,21,8,106,3,0,0
43,5,3,42,1,2,1,False,PPPP,0,2;14;74,84,21,8,106,3,0,0
43,5,4,3;5;20;26;28;29,6,42,27,False,PPPP,0,,424,21,8,106,3,0,0
43,5,4,2;8;22;27;32;39,6,14,13,False,PPPP,0,,424,21,8,106,3,0,0
43,5,4,7;37,2,6,3,False,PPPP,0,2;14;74;374,424,21,8,106,3,0,0
43,5,4,12;18;19;30;33;34,6,42,3,False,PPPP,0,,424,21,8,106,3,0,0
43,5,4,42,1,2,1,False,PPPP,0,2;14;74;374,424,21,8,106,3,0,0
47,5,2,5;10;11;13;15;19;20;22;23;26;29;30;31;33;35;38;39;40;41;43;44;45,22,46,18,False,PPPP,0,,16,23,10,115,1,1,0
47,5,2,46,1,2,0,False,AAPP,2,0;4;8,16,23,10,115,1,1,0
47,5,3,5;10;11;13;15;19;20;22;23;26;29;30;31;33;35;38;39;40;41;43;44;45,22,46,18,False,PPPP,0,,84,23,10,115,1,1,0
47,5,3,46,1,2,0,False,AAPP,2,0;4;8;24;44,84,23,10,115,1,1,0
47,5,4,5;10;11;13;15;19;20;22;23;26;29;30;31;33;35;38;39;40;41;43;44;45,22,46,18,False,PPPP,0,,424,23,10,115,1,1,0
47,5,4,46,1,2,0,False,AAPP,2,0;4;8;24;44;124;224,424,23,10,115,1,1,0
49,5,2,3;17;24;26;33;47,6,42,26,False,PPPP,0,,16,21,10,105,1,1,0
49,5,2,6;13;20;27;34;41,6,14,12,False,PPPP,0,,16,21,10,105,1,1,0
49,5,2,5;10;12;38;40;45,6,42,34,False,PPPP,0,,16,21,10,105,1,1,0
49,5,3,3;17;24;26;33;47,6,42,26,False,PPPP,0,,84,21,10,105,1,1,0
49,5,3,6;13;20;27;34;41,6,14,12,False,PPPP,0,,84,21,10,105,1,1,0
49,5,3,5;10;12;38;40;45,6,42,34,False,PPPP,0,,84,21,10,105,1,1,0
49,5,4,3;17;24;26;33;47,6,42,26,False,PPPP,0,,424,21,10,105,1,1,0
49,5,4,6;13;20;27;34;41,6,14,12,False,PPPP,0,,424,21,10,105,1,1,0
49,5,4,5;10;12;38;40;45,6,42,34,False,PPPP,0,,424,21,10,105,1,1,0
51,5,2,8;26,2,8,2,False,PPPP,0,,16,16,10,89,9,2,0
51,5,2,47,1,4,0,False,APPP,1,0;4,16,16,10,89,9,2,0
51,5,2,2;32,2,8,6,False,PPPP,0,,16,16,10,89,9,2,0
51,5,2,50,1,2,1,True,AAPP,2,2;4;8;14,16,16,10,89,9,2,0
51,5,2,38,1,4,0,False,AAPP,2,0;4;8,16,16,10,89,9,2,0
51,5,3,8;26,2,8,2,False,PPPP,0,,84,16,10,89,9,2,0
51,5,3,47,1,4,0,False,APPP,1,0;4;24,84,16,10,89,9,2,0
51,5,3,2;32,2,8,6,False,PPPP,0,,84,16,10,89,9,2,0
51,5,3,50,1,2,1,True,AAPP,2,2;4;8;14;24;44;74,84,16,10,89,9,2,0
51,5,3,38,1,4,0,False,AAPP,2,0;4;8;24;44,84,16,10,89,9,2,0
51,5,4,8;26,2,8,2,False,PPPP,0,,424,16,10,89,9,2,0
51,5,4,47,1,4,0,False,APPP,1,0;4;24;124,424,16,10,89,9,2,0
51,5,4,2;32,2,8,6,False,PPPP,0,,424,16,10,89,9,2,0
51,5,4,50,1,2,1,True,AAPP,2,2;4;8;14;24;44;74;124;224;374,424,16,10,89,9,2,0
51,5,4,38,1,4,0,False,AAPP,2,0;4;8;24;44;124;224,424,16,10,89,9,2,0
53,5,2,2;26;32;48,4,52,1,False,PPPP,0,,16,26,9,130,2,0,0
53,5,2,8;14;33;34,4,52,3,False,PPPP,0,,16,26,9,130,2,0,0
53,5,2,12;18;22;50,4,52,7,False,PPPP,0,,16,26,9,130,2,0,0
53,5,2,3;31;35;41,4,52,9,False,PPPP,0,,16,26,9,130,2,0,0
53,5,2,30,1,4,1,False,PPPP,0,2;14,16,26,9,130,2,0,0
53,5,2,5;21;27;51,4,52,27,False,PPPP,0,,16,26,9,130,2,0,0
53,5,2,19;20;39;45,4,52,29,False,PPPP,0,,16,26,9,130,2,0,0
53,5,2,23,1,4,3,False,PPPP,0,,16,26,9,130,2,0,0
53,5,3,2;26;32;48,4,52,1,False,PPPP,0,,84,26,9,130,2,0,0
53,5,3,8;14;33;34,4,52,3,False,PPPP,0,,84,26,9,130,2,0,0
53,5,3,12;18;22;50,4,52,7,False,PPPP,0,,84,26,9,130,2,0,0
53,5,3,3;31;35;41,4,52,9,False,PPPP,0,,84,26,9,130,2,0,0
53,5,3,30,1,4,1,False,PPPP,0,2;14;74,84,26,9,130,2,0,0
53,5,3,5;21;27;51,4,52,27,False,PPPP,0,,84,26,9,130,2,0,0
53,5,3,19;20;39;45,4,52,29,False,PPPP,0,,84,26,9,130,2,0,0
53,5,3,23,1,4,3,False,PPPP,0,,84,26,9,130,2,0,0
53,5,4,2;26;32;48,4,52,1,False,PPPP,0,,424,26,9,130,2,0,0
53,5,4,8;14;33;34,4,52,3,False,PPPP,0,,424,26,9,130,2,0,0
53,5,4,12;18;22;50,4,52,7,False,PPPP,0,,424,26,9,130,2,0,0
53,5,4,3;31;35;41,4,52,9,False,PPPP,0,,424,26,9,130,2,0,0
53,5,4,30,1,4,1,False,PPPP,0,2;14;74;374,424,26,9,130,2,0,0
53,5,4,5;21;27;51,4,52,27,False,PPPP,0,,424,26,9,130,2,0,0
53,5,4,19;20;39;45,4,52,29,False,PPPP,0,,424,26,9,130,2,0,0
53,5,4,23,1,4,3,False,PPPP,0,,424,26,9,130,2,0,0
57,5,2,5;17;23;35;44;47,6,18,11,False,PPPP,0,,16,18,8,90,2,0,0
57,5,2,11;26,2,6,5,False,PPPP,0,,16,18,8,90,2,0,0
57,5,3,5;17;23;35;44;47,6,18,11,False,PPPP,0,,84,18,8,90,2,0,0
57,5,3,11;26,2,6,5,False,PPPP,0,,84,18,8,90,2,0,0
57,5,4,5;17;23;35;44;47,6,18,11,False,PPPP,0,,424,18,8,90,2,0,0
57,5,4,11;26,2,6,5,False,PPPP,0,,424,18,8,90,2,0,0
59,5,2,2;6;10;11;13;24;30;31;32;40;43;47;50;54,14,58,1,False,PPPP,0,,16,29,8,144,1,0,0
59,5,2,8;14;18;23;33;34;37;38;39;42;44;52;55;56,14,58,3,False,PPPP,0,,16,29,8,144,1,0,0
59,5,2,58,1,2,1,True,APPP,1,2;4;14,16,29,8,144,1,0,0
59,5,3,2;6;10;11;13;24;30;31;32;40;43;47;50;54,14,58,1,False,PPPP,0,,84,29,8,144,1,0,0
59,5,3,8;14;18;23;33;34;37;38;39;42;44;52;55;56,14,58,3,False,PPPP,0,,84,29,8,144,1,0,0
59,5,3,58,1,2,1,True,APPP,1,2;4;14;24;74,84,29,8,144,1,0,0
59,5,4,2;6;10;11;13;24;30;31;32;40;43;47;50;54,14,58,1,False,PPPP,0,,424,29,8,144,1,0,0
59,5,4,8;14;18;23;33;34;37;38;39;42;44;52;55;56,14,58,3,False,PPPP,0,,424,29,8,144,1,0,0
59,5,4,58,1,2,1,True,APPP,1,2;4;14;24;74;124;374,424,29,8,144,1,0,0
63,5,2,31;61,2,6,4,False,PPPP,0,,16,18,10,99,8,3,0
63,5,2,40;52,2,6,0,False,APPP,1,0;4,16,18,10,99,8,3,0
63,5,2,2;32,2,6,5,False,PPPP,0,,16,18,10,99,8,3,0
63,5,2,11;23,2,6,3,False,PPPP,0,2;14,16,18,10,99,8,3,0
63,5,2,13;34,2,6,2,False,PPPP,0,,16,18,10,99,8,3,0
63,5,3,31;61,2,6,4,False,PPPP,0,,84,18,10,99,8,3,0
63,5,3,40;52,2,6,0,False,APPP,1,0;4;24,84,18,10,99,8,3,0
63,5,3,2;32,2,6,5,False,PPPP,0,,84,18,10,99,8,3,0
63,5,3,11;23,2,6,3,False,PPPP,0,2;14;74,84,18,10,99,8,3,0
63,5,3,13;34,2,6,2,False,PPPP,0,,84,18,10,99,8,3,0
63,5,4,31;61,2,6,4,False,PPPP,0,,424,18,10,99,8,3,0
63,5,4,40;52,2,6,0,False,APPP,1,0;4;24;124,424,18,10,99,8,3,0
63,5,4,2;32,2,6,5,False,PPPP,0,,424,18,10,99,8,3,0
63,5,4,11;23,2,6,3,False,PPPP,0,2;14;74;374,424,18,10,99,8,3,0
63,5,4,13;34,2,6,2,False,PPPP,0,,424,18,10,99,8,3,0
67,5,2,2;7;11;28;31;32;41;50;51;57,10,66,1,False,PPPP,0,,16,33,8,164,1,0,0
67,5,2,5;8;43;45;58,5,22,1,False,PPPP,0,,16,33,8,164,1,0,0
67,5,2,12;13;18;20;34;44;46;48;61;63,10,66,7,False,PPPP,0,,16,33,8,164,1,0,0
67,5,2,30;38,2,6,1,False,PPPP,0,,16,33,8,164,1,0,0
67,5,2,3;27;42;52;53,5,22,7,False,PPPP,0,,16,33,8,164,1,0,0
67,5,2,66,1,2,1,False,PPPP,0,2;14,16,33,8,164,1,0,0
67,5,3,2;7;11;28;31;32;41;50;51;57,10,66,1,False,PPPP,0,,84,33,8,164,1,0,0
67,5,3,5;8;43;45;58,5,22,1,False,PPPP,0,,84,33,8,164,1,0,0
67,5,3,12;13;18;20;34;44;46;48;61;63,10,66,7,False,PPPP,0,,84,33,8,164,1,0,0
67,5,3,30;38,2,6,1,False,PPPP,0,,84,33,8,164,1,0,0
67,5,3,3;27;42;52;53,5,22,7,False,PPPP,0,,84,33,8,164,1,0,0
67,5,3,66,1,2,1,False,PPPP,0,2;14;74,84,33,8,164,1,0,0
67,5,4,2;7;11;28;31;32;41;50;51;57,10,66,1,False,PPPP,0,,424,33,8,164,1,0,0
67,5,4,5;8;43;45;58,5,22,1,False,PPPP,0,,424,33,8,164,1,0,0
67,5,4,12;13;18;20;34;44;46;48;61;63,10,66,7,False,PPPP,0,,424,33,8,164,1,0,0
67,5,4,30;38,2,6,1,False,PPPP,0,,424,33,8,164,1,0,0
67,5,4,3;27;42;52;53,5,22,7,False,PPPP,0,,424,33,8,164,1,0,0
67,5,4,66,1,2,1,False,PPPP,0,2;14;74;374,424,33,8,164,1,0,0
69,5,2,2;8;29;32;62,5,22,15,False,PPPP,0,,16,22,10,112,3,1,0
69,5,2,26;35;41;50;59,5,22,19,False,PPPP,0,,16,22,10,112,3,1,0
69,5,3,2;8;29;32;62,5,22,15,False,PPPP,0,,84,22,10,112,3,1,0
69,5,3,26;35;41;50;59,5,22,19,False,PPPP,0,,84,22,10,112,3,1,0
69,5,4,2;8;29;32;62,5,22,15,False,PPPP,0,,424,22,10,112,3,1,0
69,5,4,26;35;41;50;59,5,22,19,False,PPPP,0,,424,22,10,112,3,1,0
73,5,2,5;28;34;40;53;59,6,72,8,False,PPPP,0,,16,36,10,190,8,4,0
73,5,2,30;52,2,24,8,False,PPPP,0,,16,36,10,190,8,4,0
73,5,2,11;13;15;29;31;47,6,72,56,False,PPPP,0,,16,36,10,190,8,4,0
73,5,2,10;63,2,8,0,False,APPP,1,0;4,16,36,10,190,8,4,0
73,5,2,14;20;33;39;45;68,6,72,32,False,PPPP,0,,16,36,10,190,8,4,0
73,5,2,26;42;44;58;60;62,6,72,8,False,PPPP,0,,16,36,10,190,8,4,0
73,5,2,7;17,2,24,8,False,PPPP,0,,16,36,10,190,8,4,0
73,5,2,22;51,2,8,0,False,APPP,1,0;4,16,36,10,190,8,4,0
73,5,2,21;43,2,24,8,False,PPPP,0,2;14,16,36,10,190,8,4,0
73,5,2,56;66,2,24,8,False,PPPP,0,,16,36,10,190,8,4,0
73,5,3,5;28;34;40;53;59,6,72,8,False,PPPP,0,,84,36,10,190,8,4,0
73,5,3,30;52,2,24,8,False,PPPP,0,,84,36,10,190,8,4,0
73,5,3,11;13;15;29;31;47,6,72,56,False,PPPP,0,,84,36,10,190,8,4,0
73,5,3,10;63,2,8,0,False,APPP,1,0;4;24,84,36,10,190,8,4,0
73,5,3,14;20;33;39;45;68,6,72,32,False,PPPP,0,,84,36,10,190,8,4,0
73,5,3,26;42;44;58;60;62,6,72,8,False,PPPP,0,,84,36,10,190,8,4,0
73,5,3,7;17,2,24,8,False,PPPP,0,,84,36,10,190,8,4,0
73,5,3,22;51,2,8,0,False,APPP,1,0;4;24,84,36,10,190,8,4,0
73,5,3,21;43,2,24,8,False,PPPP,0,2;14;74,84,36,10,190,8,4,0
73,5,3,56;66,2,24,8,False,PPPP,0,,84,36,10,190,8,4,0
73,5,4,5;28;34;40;53;59,6,72,8,False,PPPP,0,,424,36,10,190,8,4,0
73,5,4,30;52,2,24,8,False,PPPP,0,,424,36,10,190,8,4,0
73,5,4,11;13;15;29;31;47,6,72,56,False,PPPP,0,,424,36,10,190,8,4,0
73,5,4,10;63,2,8,0,False,APPP,1,0;4;24;124,424,36,10,190,8,4,0
73,5,4,14;20;33;39;45;68,6,72,32,False,PPPP,0,,424,36,10,190,8,4,0
73,5,4,26;42;44;58;60;62,6,72,8,False,PPPP,0,,424,36,10,190,8,4,0
73,5,4,7;17,2,24,8,False,PPPP,0,,424,36,10,190,8,4,0
73,5,4,22;51,2,8,0,False,APPP,1,0;4;24;124,424,36,10,190,8,4,0
73,5,4,21;43,2,24,8,False,PPPP,0,2;14;74;374,424,36,10,190,8,4,0
73,5,4,56;66,2,24,8,False,PPPP,0,,424,36,10,190,8,4,0
79,5,2,3;6;34;75,4,78,4,False,PPPP,0,,16,39,10,195,1,1,0
79,5,2,15;27;41;58,4,26,4,False,PPPP,0,,16,39,10,195,1,1,0
79,5,2,37;39;48;54,4,78,28,False,PPPP,0,,16,39,10,195,1,1,0
79,5,2,12;33;57;61,4,26,12,False,PPPP,0,,16,39,10,195,1,1,0
79,5,2,29;43;63;70,4,78,44,False,PPPP,0,,16,39,10,195,1,1,0
79,5,2,24;56,2,6,4,False,PPPP,0,,16,39,10,195,1,1,0
79,5,2,14;17;69;71,4,26,2,False,PPPP,0,,16,39,10,195,1,1,0
79,5,2,30;35;68;74,4,78,14,False,PPPP,0,,16,39,10,195,1,1,0
79,5,2,7;53;59;66,4,78,46,False,PPPP,0,,16,39,10,195,1,1,0
79,5,2,78,1,2,0,True,AAPP,2,0;4;8,16,39,10,195,1,1,0
79,5,2,28;47;60;77,4,78,16,False,PPPP,0,,16,39,10,195,1,1,0
79,5,3,3;6;34;75,4,78,4,False,PPPP,0,,84,39,10,195,1,1,0
79,5,3,15;27;41;58,4,26,4,False,PPPP,0,,84,39,10,195,1,1,0
79,5,3,37;39;48;54,4,78,28,False,PPPP,0,,84,39,10,195,1,1,0
79,5,3,12;33;57;61,4,26,12,False,PPPP,0,,84,39,10,195,1,1,0
79,5,3,29;43;63;70,4,78,44,False,PPPP,0,,84,39,10,195,1,1,0
79,5,3,24;56,2,6,4,False,PPPP,0,,84,39,10,195,1,1,0
79,5,3,14;17;69;71,4,26,2,False,PPPP,0,,84,39,10,195,1,1,0
79,5,3,30;35;68;74,4,78,14,False,PPPP,0,,84,39,10,195,1,1,0
79,5,3,7;53;59;66,4,78,46,False,PPPP,0,,84,39,10,195,1,1,0
79,5,3,78,1,2,0,True,AAPP,2,0;4;8;24;44,84,39,10,195,1,1,0
79,5,3,28;47;60;77,4,78,16,False,PPPP,0,,84,39,10,195,1,1,0
79,5,4,3;6;34;75,4,78,4,False,PPPP,0,,424,39,10,195,1,1,0
79,5,4,15;27;41;58,4,26,4,False,PPPP,0,,424,39,10,195,1,1,0
79,5,4,37;39;48;54,4,78,28,False,PPPP,0,,424,39,10,195,1,1,0
79,5,4,12;33;57;61,4,26,12,False,PPPP,0,,424,39,10,195,1,1,0
79,5,4,29;43;63;70,4,78,44,False,PPPP,0,,424,39,10,195,1,1,0
79,5,4,24;56,2,6,4,False,PPPP,0,,424,39,10,195,1,1,0
79,5,4,14;17;69;71,4,26,2,False,PPPP,0,,424,39,10,195,1,1,0
79,5,4,30;35;68;74,4,78,14,False,PPPP,0,,424,39,10,195,1,1,0
79,5,4,7;53;59;66,4,78,46,False,PPPP,0,,424,39,10,195,1,1,0
79,5,4,78,1,2,0,True,AAPP,2,0;4;8;24;44;124;224,424,39,10,195,1,1,0
79,5,4,28;47;60;77,4,78,16,False,PPPP,0,,424,39,10,195,1,1,0
81,5,2,2;5;11;14;20;23;29;32;38;41;47;50;56;59;65;68;74;77,18,54,1,False,PPPP,0,,16,27,8,134,1,0,0
81,5,3,2;5;11;14;20;23;29;32;38;41;47;50;56;59;65;68;74;77,18,54,1,False,PPPP,0,,84,27,8,134,1,0,0
81,5,4,2;5;11;14;20;23;29;32;38;41;47;50;56;59;65;68;74;77,18,54,1,False,PPPP,0,,424,27,8,134,1,0,0
83,5,2,2;6;13;14;22;32;34;42;46;47;53;55;57;62;67;71;74;76;79;80,20,82,1,False,PPPP,0,,16,41,8,204,1,0,0
83,5,2,5;8;15;18;19;20;24;35;39;43;45;50;52;54;56;58;60;66;72;73,20,82,3,False,PPPP,0,,16,41,8,204,1,0,0
83,5,2,82,1,2,1,False,PPPP,0,2;6;14,16,41,8,204,1,0,0
83,5,3,2;6;13;14;22;32;34;42;46;47;53;55;57;62;67;71;74;76;79;80,20,82,1,False,PPPP,0,,84,41,8,204,1,0,0
83,5,3,5;8;15;18;19;20;24;35;39;43;45;50;52;54;56;58;60;66;72;73,20,82,3,False,PPPP,0,,84,41,8,204,1,0,0
83,5,3,82,1,2,1,False,PPPP,0,2;6;14;34;74,84,41,8,204,1,0,0
83,5,4,2;6;13;14;22;32;34;42;46;47;53;55;57;62;67;71;74;76;79;80,20,82,1,False,PPPP,0,,424,41,8,204,1,0,0
83,5,4,5;8;15;18;19;20;24;35;39;43;45;50;52;54;56;58;60;66;72;73,20,82,3,False,PPPP,0,,424,41,8,204,1,0,0
83,5,4,82,1,2,1,False,PPPP,0,2;6;14;34;74;174;374,424,41,8,204,1,0,0
87,5,2,5;35;38;62;71;80,6,14,8,False,PPPP,0,,16,28,10,143,4,1,0
87,5,2,20;23;53;65;74;83,6,14,9,False,PPPP,0,,16,28,10,143,4,1,0
87,5,2,86,1,2,0,False,APPP,1,0;4,16,28,10,143,4,1,0
87,5,3,5;35;38;62;71;80,6,14,8,False,PPPP,0,,84,28,10,143,4,1,0
87,5,3,20;23;53;65;74;83,6,14,9,False,PPPP,0,,84,28,10,143,4,1,0
87,5,3,86,1,2,0,False,APPP,1,0;4;24,84,28,10,143,4,1,0
87,5,4,5;35;38;62;71;80,6,14,8,False,PPPP,0,,424,28,10,143,4,1,0
87,5,4,20;23;53;65;74;83,6,14,9,False,PPPP,0,,424,28,10,143,4,1,0
87,5,4,86,1,2,0,False,APPP,1,0;4;24;124,424,28,10,143,4,1,0
89,5,2,3;7;14;24;28;61;65;75;82;86,10,88,16,False,PPPP,0,,16,44,10,228,6,4,0
89,5,2,13;15;27;29;31;58;60;62;74;76,10,88,48,False,PPPP,0,,16,44,10,228,6,4,0
89,5,2,19;26;30;35;38;51;54;59;63;70,10,88,24,False,PPPP,0,,16,44,10,228,6,4,0
89,5,2,37;52,2,8,0,False,APPP,1,0;4,16,44,10,228,6,4,0
89,5,2,6;23;33;41;43;46;48;56;66;83,10,88,32,False,PPPP,0,,16,44,10,228,6,4,0
89,5,2,12;77,2,8,0,False,APPP,1,0;4,16,44,10,228,6,4,0
89,5,3,3;7;14;24;28;61;65;75;82;86,10,88,16,False,PPPP,0,,84,44,10,228,6,4,0
89,5,3,13;15;27;29;31;58;60;62;74;76,10,88,48,False,PPPP,0,,84,44,10,228,6,4,0
89,5,3,19;26;30;35;38;51;54;59;63;70,10,88,24,False,PPPP,0,,84,44,10,228,6,4,0
89,5,3,37;52,2,8,0,False,APPP,1,0;4;24,84,44,10,228,6,4,0
89,5,3,6;23;33;41;43;46;48;56;66;83,10,88,32,False,PPPP,0,,84,44,10,228,6,4,0
89,5,3,12;77,2,8,0,False,APPP,1,0;4;24,84,44,10,228,6,4,0
89,5,4,3;7;14;24;28;61;65;75;82;86,10,88,16,False,PPPP,0,,424,44,10,228,6,4,0
89,5,4,13;15;27;29;31;58;60;62;74;76,10,88,48,False,PPPP,0,,424,44,10,228,6,4,0
89,5,4,19;26;30;35;38;51;54;59;63;70,10,88,24,False,PPPP,0,,424,44,10,228,6,4,0
89,5,4,37;52,2,8,0,False,APPP,1,0;4;24;124,424,44,10,228,6,4,0
89,5,4,6;23;33;41;43;46;48;56;66;83,10,88,32,False,PPPP,0,,424,44,10,228,6,4,0
89,5,4,12;77,2,8,0,False,APPP,1,0;4;24;124,424,44,10,228,6,4,0
91,5,2,2;32,2,12,9,False,PPPP,0,,16,36,10,193,12,3,0
91,5,2,58;67,2,12,5,False,PPPP,0,,16,36,10,193,12,3,0
91,5,2,17;75,2,6,3,False,PPPP,0,2;14,16,36,10,193,12,3,0
91,5,2,62;69,2,6,1,True,APPP,1,4,16,36,10,193,12,3,0
91,5,2,10;82,2,6,5,False,PPPP,0,,16,36,10,193,12,3,0
91,5,2,60;86,2,12,11,False,PPPP,0,,16,36,10,193,12,3,0
91,5,2,3;61,2,6,4,False,PPPP,0,,16,36,10,193,12,3,0
91,5,2,48;55,2,6,2,False,PPPP,0,,16,36,10,193,12,3,0
91,5,2,68;87,2,6,0,False,APPP,1,0;4,16,36,10,193,12,3,0
91,5,2,12;38,2,6,5,False,PPPP,0,,16,36,10,193,12,3,0
91,5,2,90,1,2,1,True,APPP,1,2;4;6;14,16,36,10,193,12,3,0
91,5,2,37;46,2,12,3,False,PPPP,0,,16,36,10,193,12,3,0
91,5,2,11;72,2,12,11,False,PPPP,0,,16,36,10,193,12,3,0
91,5,2,18;44,2,12,5,False,PPPP,0,,16,36,10,193,12,3,0
91,5,3,2;32,2,12,9,False,PPPP,0,,84,36,10,193,12,3,0
91,5,3,58;67,2,12,5,False,PPPP,0,,84,36,10,193,12,3,0
91,5,3,17;75,2,6,3,False,PPPP,0,2;14;74,84,36,10,193,12,3,0
91,5,3,62;69,2,6,1,True,APPP,1,4;24,84,36,10,193,12,3,0
91,5,3,10;82,2,6,5,False,PPPP,0,,84,36,10,193,12,3,0
91,5,3,60;86,2,12,11,False,PPPP,0,,84,36,10,193,12,3,0
91,5,3,3;61,2,6,4,False,PPPP,0,,84,36,10,193,12,3,0
91,5,3,48;55,2,6,2,False,PPPP,0,,84,36,10,193,12,3,0
91,5,3,68;87,2,6,0,False,APPP,1,0;4;24,84,36,10,193,12,3,0
91,5,3,12;38,2,6,5,False,PPPP,0,,84,36,10,193,12,3,0
91,5,3,90,1,2,1,True,APPP,1,2;4;6;14;24;34;74,84,36,10,193,12,3,0
91,5,3,37;46,2,12,3,False,PPPP,0,,84,36,10,193,12,3,0
91,5,3,11;72,2,12,11,False,PPPP,0,,84,36,10,193,12,3,0
91,5,3,18;44,2,12,5,False,PPPP,0,,84,36,10,193,12,3,0
91,5,4,2;32,2,12,9,False,PPPP,0,,424,36,10,193,12,3,0
91,5,4,58;67,2,12,5,False,PPPP,0,,424,36,10,193,12,3,0
91,5,4,17;75,2,6,3,False,PPPP,0,2;14;74;374,424,36,10,193,12,3,0
91,5,4,62;69,2,6,1,True,APPP,1,4;24;124,424,36,10,193,12,3,0
91,5,4,10;82,2,6,5,False,PPPP,0,,424,36,10,193,12,3,0
91,5,4,60;86,2,12,11,False,PPPP,0,,424,36,10,193,12,3,0
91,5,4,3;61,2,6,4,False,PPPP,0,,424,36,10,193,12,3,0
91,5,4,48;55,2,6,2,False,PPPP,0,,424,36,10,193,12,3,0
91,5,4,68;87,2,6,0,False,APPP,1,0;4;24;124,424,36,10,193,12,3,0
91,5,4,12;38,2,6,5,False,PPPP,0,,424,36,10,193,12,3,0
91,5,4,90,1,2,1,True,APPP,1,2;4;6;14;24;34;74;124;174;374,424,36,10,193,12,3,0
91,5,4,37;46,2,12,3,False,PPPP,0,,424,36,10,193,12,3,0
91,5,4,11;72,2,12,11,False,PPPP,0,,424,36,10,193,12,3,0
91,5,4,18;44,2,12,5,False,PPPP,0,,424,36,10,193,12,3,0
97,5,2,5;13;21;23;74;76;84;92,8,96,34,False,PPPP,0,,16,48,9,247,9,0,0
97,5,2,28;34;42;46;51;55;63;69,8,32,2,False,PPPP,0,,16,48,9,247,9,0,0
97,5,2,7;10;26;40;57;71;87;90,8,96,46,False,PPPP,0,,16,48,9,247,9,0,0
97,5,2,19;20;30;45;52;67;77;78,8,32,6,False,PPPP,0,,16,48,9,247,9,0,0
97,5,2,14;17;29;41;56;68;80;83,8,96,58,False,PPPP,0,,16,48,9,247,9,0,0
97,5,2,15;37;38;39;58;59;60;82,8,96,70,False,PPPP,0,,16,48,9,247,9,0,0
97,5,3,5;13;21;23;74;76;84;92,8,96,34,False,PPPP,0,,84,48,9,247,9,0,0
97,5,3,28;34;42;46;51;55;63;69,8,32,2,False,PPPP,0,,84,48,9,247,9,0,0
97,5,3,7;10;26;40;57;71;87;90,8,96,46,False,PPPP,0,,84,48,9,247,9,0,0
97,5,3,19;20;30;45;52;67;77;78,8,32,6,False,PPPP,0,,84,48,9,247,9,0,0
97,5,3,14;17;29;41;56;68;80;83,8,96,58,False,PPPP,0,,84,48,9,247,9,0,0
97,5,3,15;37;38;39;58;59;60;82,8,96,70,False,PPPP,0,,84,48,9,247,9,0,0
97,5,4,5;13;21;23;74;76;84;92,8,96,34,False,PPPP,0,,424,48,9,247,9,0,0
97,5,4,28;34;42;46;51;55;63;69,8,32,2,False,PPPP,0,,424,48,9,247,9,0,0
97,5,4,7;10;26;40;57;71;87;90,8,96,46,False,PPPP,0,,424,48,9,247,9,0,0
97,5,4,19;20;30;45;52;67;77;78,8,32,6,False,PPPP,0,,424,48,9,247,9,0,0
97,5,4,14;17;29;41;56;68;80;83,8,96,58,False,PPPP,0,,424,48,9,247,9,0,0
97,5,4,15;37;38;39;58;59;60;82,8,96,70,False,PPPP,0,,424,48,9,247,9,0,0
103,5,2,5;12;21;35;48;67;70;71;75;77;84;85;86;87;96;101,16,102,44,False,PPPP,0,,16,51,10,255,1,1,0
103,5,2,3;10;22;24;27;31;37;39;42;69;73;80;89;90;94;95,16,34,10,False,PPPP,0,,16,51,10,255,1,1,0
103,5,2,6;11;20;40;43;44;45;51;53;54;62;65;74;78;88;99,16,102,2,False,PPPP,0,,16,51,10,255,1,1,0
103,5,2,47;57,2,6,2,False,PPPP,0,,16,51,10,255,1,1,0
103,5,2,102,1,2,0,False,AAPP,2,0;4;8,16,51,10,255,1,1,0
103,5,3,5;12;21;35;48;67;70;71;75;77;84;85;86;87;96;101,16,102,44,False,PPPP,0,,84,51,10,255,1,1,0
103,5,3,3;10;22;24;27;31;37;39;42;69;73;80;89;90;94;95,16,34,10,False,PPPP,0,,84,51,10,255,1,1,0
103,5,3,6;11;20;40;43;44;45;51;53;54;62;65;74;78;88;99,16,102,2,False,PPPP,0,,84,51,10,255,1,1,0
103,5,3,47;57,2,6,2,False,PPPP,0,,84,51,10,255,1,1,0
103,5,3,102,1,2,0,False,AAPP,2,0;4;8;24;44,84,51,10,255,1,1,0
103,5,4,5;12;21;35;48;67;70;71;75;77;84;85;86;87;96;101,16,102,44,False,PPPP,0,,424,51,10,255,1,1,0
103,5,4,3;10;22;24;27;31;37;39;42;69;73;80;89;90;94;95,16,34,10,False,PPPP,0,,424,51,10,255,1,1,0
103,5,4,6;11;20;40;43;44;45;51;53;54;62;65;74;78;88;99,16,102,2,False,PPPP,0,,424,51,10,255,1,1,0
103,5,4,47;57,2,6,2,False,PPPP,0,,424,51,10,255,1,1,0
103,5,4,102,1,2,0,False,AAPP,2,0;4;8;24;44;124;224,424,51,10,255,1,1,0
107,5,2,2;5;6;7;8;15;17;18;20;21;22;24;26;28;31;32;38;43;45;46;50;51;54;55;58;59;60;63;65;66;67;68;70;71;72;73;74;77;78;80;82;84;88;91;93;94;95;96;97;98;103;104,52,106,1,False,PPPP,0,,16,53,8,264,1,0,0
107,5,2,106,1,2,1,False,PPPP,0,2;14,16,53,8,264,1,0,0
107,5,3,2;5;6;7;8;15;17;18;20;21;22;24;26;28;31;32;38;43;45;46;50;51;54;55;58;59;60;63;65;66;67;68;70;71;72;73;74;77;78;80;82;84;88;91;93;94;95;96;97;98;103;104,52,106,1,False,PPPP,0,,84,53,8,264,1,0,0
107,5,3,106,1,2,1,False,PPPP,0,2;14;74,84,53,8,264,1,0,0
107,5,4,2;5;6;7;8;15;17;18;20;21;22;24;26;28;31;32;38;43;45;46;50;51;54;55;58;59;60;63;65;66;67;68;70;71;72;73;74;77;78;80;82;84;88;91;93;94;95;96;97;98;103;104,52,106,1,False,PPPP,0,,424,53,8,264,1,0,0
107,5,4,106,1,2,1,False,PPPP,0,2;14;74;374,424,53,8,264,1,0,0
109,5,2,6;10;14;18;30;37;42;44;47;50;51;52;53;69;70;85;96;98,18,108,57,False,PPPP,0,,16,54,9,269,1,0,0
109,5,2,19;55;77;86;92;107,6,36,21,False,PPPP,0,,16,54,9,269,1,0,0
109,5,2,11;13;24;39;40;56;57;58;59;62;65;67;72;79;91;95;99;103,18,108,75,False,PPPP,0,,16,54,9,269,1,0,0
109,5,2,41;101,2,12,9,False,PPPP,0,,16,54,9,269,1,0,0
109,5,2,2;17;23;32;54;90,6,36,3,False,PPPP,0,,16,54,9,269,1,0,0
109,5,2,33,1,4,1,True,APPP,1,4,16,54,9,269,1,0,0
109,5,2,8;68,2,12,3,False,PPPP,0,,16,54,9,269,1,0,0
109,5,2,76,1,4,3,True,APPP,1,4,16,54,9,269,1,0,0
109,5,3,6;10;14;18;30;37;42;44;47;50;51;52;53;69;70;85;96;98,18,108,57,False,PPPP,0,,84,54,9,269,1,0,0
109,5,3,19;55;77;86;92;107,6,36,21,False,PPPP,0,,84,54,9,269,1,0,0
109,5,3,11;13;24;39;40;56;57;58;59;62;65;67;72;79;91;95;99;103,18,108,75,False,PPPP,0,,84,54,9,269,1,0,0
109,5,3,41;101,2,12,9,False,PPPP,0,,84,54,9,269,1,0,0
109,5,3,2;17;23;32;54;90,6,36,3,False,PPPP,0,,84,54,9,269,1,0,0
109,5,3,33,1,4,1,True,APPP,1,4;24,84,54,9,269,1,0,0
109,5,3,8;68,2,12,3,False,PPPP,0,,84,54,9,269,1,0,0
109,5,3,76,1,4,3,True,APPP,1,4;24,84,54,9,269,1,0,0
109,5,4,6;10;14;18;30;37;42;44;47;50;51;52;53;69;70;85;96;98,18,108,57,False,PPPP,0,,424,54,9,269,1,0,0
109,5,4,19;55;77;86;92;107,6,36,21,False,PPPP,0,,424,54,9,269,1,0,0
109,5,4,11;13;24;39;40;56;57;58;59;62;65;67;72;79;91;95;99;103,18,108,75,False,PPPP,0,,424,54,9,269,1,0,0
109,5,4,41;101,2,12,9,False,PPPP,0,,424,54,9,269,1,0,0
109,5,4,2;17;23;32;54;90,6,36,3,False,PPPP,0,,424,54,9,269,1,0,0
109,5,4,33,1,4,1,True,APPP,1,4;24;124,424,54,9,269,1,0,0
109,5,4,8;68,2,12,3,False,PPPP,0,,424,54,9,269,1,0,0
109,5,4,76,1,4,3,True,APPP,1,4;24;124,424,54,9,269,1,0,0
111,5,2,41;62;65;77;95;104,6,18,10,False,PPPP,0,,16,36,10,186,7,1,0
111,5,2,44;53;71;83;86;107,6,18,11,False,PPPP,0,,16,36,10,186,7,1,0
111,5,2,11;101,2,6,4,False,PPPP,0,,16,36,10,186,7,1,0
111,5,2,26;47,2,6,5,False,PPPP,0,,16,36,10,186,7,1,0
111,5,2,110,1,2,0,True,AAPP,2,0;4;8,16,36,10,186,7,1,0
111,5,3,41;62;65;77;95;104,6,18,10,False,PPPP,0,,84,36,10,186,7,1,0
111,5,3,44;53;71;83;86;107,6,18,11,False,PPPP,0,,84,36,10,186,7,1,0
111,5,3,11;101,2,6,4,False,PPPP,0,,84,36,10,186,7,1,0
111,5,3,26;47,2,6,5,False,PPPP,0,,84,36,10,186,7,1,0
111,5,3,110,1,2,0,True,AAPP,2,0;4;8;24;44,84,36,10,186,7,1,0
111,5,4,41;62;65;77;95;104,6,18,10,False,PPPP,0,,424,36,10,186,7,1,0
111,5,4,44;53;71;83;86;107,6,18,11,False,PPPP,0,,424,36,10,186,7,1,0
111,5,4,11;101,2,6,4,False,PPPP,0,,424,36,10,186,7,1,0
111,5,4,26;47,2,6,5,False,PPPP,0,,424,36,10,186,7,1,0
111,5,4,110,1,2,0,True,AAPP,2,0;4;8;24;44;124;224,424,36,10,186,7,1,0
113,5,2,3;6;12;17;21;55;58;92;96;101;107;110,12,112,12,False,PPPP,0,,16,56,7,279,1,0,0
113,5,2,5;10;27;33;39;54;59;74;80;86;103;108,12,112,36,False,PPPP,0,,16,56,7,279,1,0,0
113,5,2,35;40;73;78,4,16,12,False,PPPP,0,,16,56,7,279,1,0,0
113,5,2,19;20;37;38;43;47;66;70;75;76;93;94,12,112,20,False,PPPP,0,,16,56,7,279,1,0,0
113,5,2,23;24;29;34;45;46;67;68;79;84;89;90,12,112,92,False,PPPP,0,,16,56,7,279,1,0,0
113,5,2,42;48;65;71,4,16,4,False,PPPP,0,,16,56,7,279,1,0,0
113,5,3,3;6;12;17;21;55;58;92;96;101;107;110,12,112,12,False,PPPP,0,,84,56,7,279,1,0,0
113,5,3,5;10;27;33;39;54;59;74;80;86;103;108,12,112,36,False,PPPP,0,,84,56,7,279,1,0,0
113,5,3,35;40;73;78,4,16,12,False,PPPP,0,,84,56,7,279,1,0,0
113,5,3,19;20;37;38;43;47;66;70;75;76;93;94,12,112,20,False,PPPP,0,,84,56,7,279,1,0,0
113,5,3,23;24;29;34;45;46;67;68;79;84;89;90,12,112,92,False,PPPP,0,,84,56,7,279,1,0,0
113,5,3,42;48;65;71,4,16,4,False,PPPP,0,,84,56,7,279,1,0,0
113,5,4,3;6;12;17;21;55;58;92;96;101;107;110,12,112,12,False,PPPP,0,,424,56,7,279,1,0,0
113,5,4,5;10;27;33;39;54;59;74;80;86;103;108,12,112,36,False,PPPP,0,,424,56,7,279,1,0,0
113,5,4,35;40;73;78,4,16,12,False,PPPP,0,,424,56,7,279,1,0,0
113,5,4,19;20;37;38;43;47;66;70;75;76;93;94,12,112,20,False,PPPP,0,,424,56,7,279,1,0,0
113,5,4,23;24;29;34;45;46;67;68;79;84;89;90,12,112,92,False,PPPP,0,,424,56,7,279,1,0,0
113,5,4,42;48;65;71,4,16,4,False,PPPP,0,,424,56,7,279,1,0,0
117,5,2,67;97,2,12,5,False,PPPP,0,2;14,16,36,10,197,16,3,0
117,5,2,58;106,2,12,9,False,PPPP,0,,16,36,10,197,16,3,0
117,5,2,23;56,2,6,2,False,PPPP,0,,16,36,10,197,16,3,0
117,5,2,95;101,2,6,0,False,APPP,1,0;4,16,36,10,197,16,3,0
117,5,2,34;112,2,12,7,False,PPPP,0,,16,36,10,197,16,3,0
117,5,2,29;113,2,6,3,False,PPPP,0,2;14,16,36,10,197,16,3,0
117,5,2,68;74,2,6,1,False,PPPP,0,,16,36,10,197,16,3,0
117,5,2,38;77,2,6,4,False,PPPP,0,,16,36,10,197,16,3,0
117,5,2,7;76,2,12,11,False,PPPP,0,,16,36,10,197,16,3,0
117,5,2,85;115,2,12,3,False,PPPP,0,,16,36,10,197,16,3,0
117,5,2,31;70,2,12,1,False,PPPP,0,,16,36,10,197,16,3,0
117,5,3,67;97,2,12,5,False,PPPP,0,2;14;74,84,36,10,197,16,3,0
117,5,3,58;106,2,12,9,False,PPPP,0,,84,36,10,197,16,3,0
117,5,3,23;56,2,6,2,False,PPPP,0,,84,36,10,197,16,3,0
117,5,3,95;101,2,6,0,False,APPP,1,0;4;24,84,36,10,197,16,3,0
117,5,3,34;112,2,12,7,False,PPPP,0,,84,36,10,197,16,3,0
117,5,3,29;113,2,6,3,False,PPPP,0,2;14;74,84,36,10,197,16,3,0
117,5,3,68;74,2,6,1,False,PPPP,0,,84,36,10,197,16,3,0
117,5,3,38;77,2,6,4,False,PPPP,0,,84,36,10,197,16,3,0
117,5,3,7;76,2,12,11,False,PPPP,0,,84,36,10,197,16,3,0
117,5,3,85;115,2,12,3,False,PPPP,0,,84,36,10,197,16,3,0
117,5,3,31;70,2,12,1,False,PPPP,0,,84,36,10,197,16,3,0
117,5,4,67;97,2,12,5,False,PPPP,0,2;14;74;374,424,36,10,197,16,3,0
117,5,4,58;106,2,12,9,False,PPPP,0,,424,36,10,197,16,3,0
117,5,4,23;56,2,6,2,False,PPPP,0,,424,36,10,197,16,3,0
117,5,4,95;101,2,6,0,False,APPP,1,0;4;24;124,424,36,10,197,16,3,0
117,5,4,34;112,2,12,7,False,PPPP,0,,424,36,10,197,16,3,0
117,5,4,29;113,2,6,3,False,PPPP,0,2;14;74;374,424,36,10,197,16,3,0
117,5,4,68;74,2,6,1,False,PPPP,0,,424,36,10,197,16,3,0
117,5,4,38;77,2,6,4,False,PPPP,0,,424,36,10,197,16,3,0
117,5,4,7;76,2,12,11,False,PPPP,0,,424,36,10,197,16,3,0
117,5,4,85;115,2,12,3,False,PPPP,0,,424,36,10,197,16,3,0
117,5,4,31;70,2,12,1,False,PPPP,0,,424,36,10,197,16,3,0
119,5,2,37;39;46;65,4,48,26,False,PPPP,0,,16,48,10,253,11,4,0
119,5,2,88;107;114;116,4,48,10,False,PPPP,0,,16,48,10,253,11,4,0
119,5,2,94;110,2,24,2,False,PPPP,0,,16,48,10,253,11,4,0
119,5,2,76;111,2,8,6,False,PPPP,0,,16,48,10,253,11,4,0
119,5,2,26;59,2,24,10,False,APPP,1,0;4,16,48,10,253,11,4,0
119,5,2,11;44;58;74,4,48,14,False,PPPP,0,,16,48,10,253,11,4,0
119,5,2,23;79;95;109,4,48,46,False,PPPP,0,,16,48,10,253,11,4,0
119,5,2,47;115,2,12,10,False,PPPP,0,,16,48,10,253,11,4,0
119,5,2,13,1,4,2,False,PPPP,0,2;14,16,48,10,253,11,4,0
119,5,2,19;66,2,24,14,False,PPPP,0,,16,48,10,253,11,4,0
119,5,2,83;104,2,8,2,False,PPPP,0,,16,48,10,253,11,4,0
119,5,2,87;117,2,24,22,False,PPPP,0,,16,48,10,253,11,4,0
119,5,2,33;101,2,6,2,False,PPPP,0,,16,48,10,253,11,4,0
119,5,2,118,1,2,0,True,AAPP,2,0;4;8,16,48,10,253,11,4,0
119,5,2,38;89,2,12,10,False,PPPP,0,,16,48,10,253,11,4,0
119,5,2,55,1,4,2,False,PPPP,0,2;14,16,48,10,253,11,4,0
119,5,3,37;39;46;65,4,48,26,False,PPPP,0,,84,48,10,253,11,4,0
119,5,3,88;107;114;116,4,48,10,False,PPPP,0,,84,48,10,253,11,4,0
119,5,3,94;110,2,24,2,False,PPPP,0,,84,48,10,253,11,4,0
119,5,3,76;111,2,8,6,False,PPPP,0,,84,48,10,253,11,4,0
119,5,3,26;59,2,24,10,False,APPP,1,0;4;24,84,48,10,253,11,4,0
119,5,3,11;44;58;74,4,48,14,False,PPPP,0,,84,48,10,253,11,4,0
119,5,3,23;79;95;109,4,48,46,False,PPPP,0,,84,48,10,253,11,4,0
119,5,3,47;115,2,12,10,False,PPPP,0,,84,48,10,253,11,4,0
119,5,3,13,1,4,2,False,PPPP,0,2;14;74,84,48,10,253,11,4,0
119,5,3,19;66,2,24,14,False,PPPP,0,,84,48,10,253,11,4,0
119,5,3,83;104,2,8,2,False,PPPP,0,,84,48,10,253,11,4,0
119,5,3,87;117,2,24,22,False,PPPP,0,,84,48,10,253,11,4,0
119,5,3,33;101,2,6,2,False,PPPP,0,,84,48,10,253,11,4,0
119,5,3,118,1,2,0,True,AAPP,2,0;4;8;24;44,84,48,10,253,11,4,0
119,5,3,38;89,2,12,10,False,PPPP,0,,84,48,10,253,11,4,0
119,5,3,55,1,4,2,False,PPPP,0,2;14;74,84,48,10,253,11,4,0
119,5,4,37;39;46;65,4,48,26,False,PPPP,0,,424,48,10,253,11,4,0
119,5,4,88;107;114;116,4,48,10,False,PPPP,0,,424,48,10,253,11,4,0
119,5,4,94;110,2,24,2,False,PPPP,0,,424,48,10,253,11,4,0
119,5,4,76;111,2,8,6,False,PPPP,0,,424,48,10,253,11,4,0
119,5,4,26;59,2,24,10,False,APPP,1,0;4;24;124,424,48,10,253,11,4,0
119,5,4,11;44;58;74,4,48,14,False,PPPP,0,,424,48,10,253,11,4,0
119,5,4,23;79;95;109,4,48,46,False,PPPP,0,,424,48,10,253,11,4,0
119,5,4,47;115,2,12,10,False,PPPP,0,,424,48,10,253,11,4,0
119,5,4,13,1,4,2,False,PPPP,0,2;14;74;374,424,48,10,253,11,4,0
119,5,4,19;66,2,24,14,False,PPPP,0,,424,48,10,253,11,4,0
119,5,4,83;104,2,8,2,False,PPPP,0,,424,48,10,253,11,4,0
119,5,4,87;117,2,24,22,False,PPPP,0,,424,48,10,253,11,4,0
119,5,4,33;101,2,6,2,False,PPPP,0,,424,48,10,253,11,4,0
119,5,4,118,1,2,0,True,AAPP,2,0;4;8;24;44;124;224,424,48,10,253,11,4,0
119,5,4,38;89,2,12,10,False,PPPP,0,,424,48,10,253,11,4,0
119,5,4,55,1,4,2,False,PPPP,0,2;14;74;374,424,48,10,253,11,4,0
127,5,2,3;23;85;110;112;116,6,126,72,False,PPPP,0,,16,63,10,332,10,9,0
127,5,2,27;40;54;66;80;102,6,42,30,False,PPPP,0,,16,63,10,332,10,9,0
127,5,2,24;28;59;75;90;105,6,18,0,False,APPP,1,0;4,16,63,10,332,10,9,0
127,5,2,63;95;111;119;123;125,6,14,2,False,PPPP,0,,16,63,10,332,10,9,0
127,5,2,7;43;65;83;101;109,6,126,36,False,PPPP,0,,16,63,10,332,10,9,0
127,5,2,6;14;29;92;106;118,6,126,54,False,PPPP,0,,16,63,10,332,10,9,0
127,5,2,56;57;78;86;93;96,6,126,90,False,PPPP,0,,16,63,10,332,10,9,0
127,5,2,12;39;53;55;97;114,6,126,108,False,PPPP,0,,16,63,10,332,10,9,0
127,5,2,20;108,2,6,0,False,APPP,1,0;4,16,63,10,332,10,9,0
127,5,2,5;10;33;51;77;89,6,42,36,False,PPPP,0,,16,63,10,332,10,9,0
127,5,2,45;46;48;58;67;91,6,126,18,False,PPPP,0,,16,63,10,332,10,9,0
127,5,2,126,1,2,0,False,AAAP,3,0;2;4;8;12;14,16,63,10,332,10,9,0
127,5,3,3;23;85;110;112;116,6,126,72,False,PPPP,0,,84,63,10,332,10,9,0
127,5,3,27;40;54;66;80;102,6,42,30,False,PPPP,0,,84,63,10,332,10,9,0
127,5,3,24;28;59;75;90;105,6,18,0,False,APPP,1,0;4;24,84,63,10,332,10,9,0
127,5,3,63;95;111;119;123;125,6,14,2,False,PPPP,0,,84,63,10,332,10,9,0
127,5,3,7;43;65;83;101;109,6,126,36,False,PPPP,0,,84,63,10,332,10,9,0
127,5,3,6;14;29;92;106;118,6,126,54,False,PPPP,0,,84,63,10,332,10,9,0
127,5,3,56;57;78;86;93;96,6,126,90,False,PPPP,0,,84,63,10,332,10,9,0
127,5,3,12;39;53;55;97;114,6,126,108,False,PPPP,0,,84,63,10,332,10,9,0
127,5,3,20;108,2,6,0,False,APPP,1,0;4;24,84,63,10,332,10,9,0
127,5,3,5;10;33;51;77;89,6,42,36,False,PPPP,0,,84,63,10,332,10,9,0
127,5,3,45;46;48;58;67;91,6,126,18,False,PPPP,0,,84,63,10,332,10,9,0
127,5,3,126,1,2,0,False,AAAP,3,0;2;4;8;12;14;24;44;64;74,84,63,10,332,10,9,0
127,5,4,3;23;85;110;112;116,6,126,72,False,PPPP,0,,424,63,10,332,10,9,0
127,5,4,27;40;54;66;80;102,6,42,30,False,PPPP,0,,424,63,10,332,10,9,0
127,5,4,24;28;59;75;90;105,6,18,0,False,APPP,1,0;4;24;124,424,63,10,332,10,9,0
127,5,4,63;95;111;119;123;125,6,14,2,False,PPPP,0,,424,63,10,332,10,9,0
127,5,4,7;43;65;83;101;109,6,126,36,False,PPPP,0,,424,63,10,332,10,9,0
127,5,4,6;14;29;92;106;118,6,126,54,False,PPPP,0,,424,63,10,332,10,9,0
127,5,4,56;57;78;86;93;96,6,126,90,False,PPPP,0,,424,63,10,332,10,9,0
127,5,4,12;39;53;55;97;114,6,126,108,False,PPPP,0,,424,63,10,332,10,9,0
127,5,4,20;108,2,6,0,False,APPP,1,0;4;24;124,424,63,10,332,10,9,0
127,5,4,5;10;33;51;77;89,6,42,36,False,PPPP,0,,424,63,10,332,10,9,0
127,5,4,45;46;48;58;67;91,6,126,18,False,PPPP,0,,424,63,10,332,10,9,0
127,5,4,126,1,2,0,False,AAAP,3,0;2;4;8;12;14;24;44;64;74;124;224;324;374,424,63,10,332,10,9,0
129,5,2,53;56;68;74;95;110,6,42,33,False,PPPP,0,,16,42,8,215,7,0,0
129,5,2,14;17;23;38;83;101,6,42,3,False,PPPP,0,,16,42,8,215,7,0,0
129,5,2,11;35;41;47;59;107,6,14,5,False,PPPP,0,,16,42,8,215,7,0,0
129,5,2,92;122,2,6,3,False,PPPP,0,2;14,16,42,8,215,7,0,0
129,5,3,53;56;68;74;95;110,6,42,33,False,PPPP,0,,84,42,8,215,7,0,0
129,5,3,14;17;23;38;83;101,6,42,3,False,PPPP,0,,84,42,8,215,7,0,0
129,5,3,11;35;41;47;59;107,6,14,5,False,PPPP,0,,84,42,8,215,7,0,0
129,5,3,92;122,2,6,3,False,PPPP,0,2;14;74,84,42,8,215,7,0,0
129,5,4,53;56;68;74;95;110,6,42,33,False,PPPP,0,,424,42,8,215,7,0,0
129,5,4,14;17;23;38;83;101,6,42,3,False,PPPP,0,,424,42,8,215,7,0,0
129,5,4,11;35;41;47;59;107,6,14,5,False,PPPP,0,,424,42,8,215,7,0,0
129,5,4,92;122,2,6,3,False,PPPP,0,2;14;74;374,424,42,8,215,7,0,0
133,5,2,2;32;53;67;79;128,6,18,13,False,PPPP,0,,16,54,10,277,6,3,0
133,5,2,51;60;72;86;109;116,6,18,7,False,PPPP,0,,16,54,10,277,6,3,0
133,5,2,5;54;66;80;101;131,6,18,8,False,PPPP,0,,16,54,10,277,6,3,0
133,5,2,6;55;62;104;111;118,6,18,2,False,PPPP,0,,16,54,10,277,6,3,0
133,5,2,17;24;47;61;73;82,6,18,14,False,PPPP,0,,16,54,10,277,6,3,0
133,5,2,65;88,2,6,5,False,PPPP,0,,16,54,10,277,6,3,0
133,5,2,46;107,2,6,3,True,APPP,1,2;4;14,16,54,10,277,6,3,0
133,5,2,45;68,2,6,4,False,PPPP,0,,16,54,10,277,6,3,0
133,5,2,83;125,2,6,2,False,PPPP,0,,16,54,10,277,6,3,0
133,5,2,26;87,2,6,0,False,APPP,1,0;4,16,54,10,277,6,3,0
133,5,2,18;37,2,6,1,False,PPPP,0,,16,54,10,277,6,3,0
133,5,3,2;32;53;67;79;128,6,18,13,False,PPPP,0,,84,54,10,277,6,3,0
133,5,3,51;60;72;86;109;116,6,18,7,False,PPPP,0,,84,54,10,277,6,3,0
133,5,3,5;54;66;80;101;131,6,18,8,False,PPPP,0,,84,54,10,277,6,3,0
133,5,3,6;55;62;104;111;118,6,18,2,False,PPPP,0,,84,54,10,277,6,3,0
133,5,3,17;24;47;61;73;82,6,18,14,False,PPPP,0,,84,54,10,277,6,3,0
133,5,3,65;88,2,6,5,False,PPPP,0,,84,54,10,277,6,3,0
133,5,3,46;107,2,6,3,True,APPP,1,2;4;14;24;74,84,54,10,277,6,3,0
133,5,3,45;68,2,6,4,False,PPPP,0,,84,54,10,277,6,3,0
133,5,3,83;125,2,6,2,False,PPPP,0,,84,54,10,277,6,3,0
133,5,3,26;87,2,6,0,False,APPP,1,0;4;24,84,54,10,277,6,3,0
133,5,3,18;37,2,6,1,False,PPPP,0,,84,54,10,277,6,3,0
133,5,4,2;32;53;67;79;128,6,18,13,False,PPPP,0,,424,54,10,277,6,3,0
133,5,4,51;60;72;86;109;116,6,18,7,False,PPPP,0,,424,54,10,277,6,3,0
133,5,4,5;54;66;80;101;131,6,18,8,False,PPPP,0,,424,54,10,277,6,3,0
133,5,4,6;55;62;104;111;118,6,18,2,False,PPPP,0,,424,54,10,277,6,3,0
133,5,4,17;24;47;61;73;82,6,18,14,False,PPPP,0,,424,54,10,277,6,3,0
133,5,4,65;88,2,6,5,False,PPPP,0,,424,54,10,277,6,3,0
133,5,4,46;107,2,6,3,True,APPP,1,2;4;14;24;74;124;374,424,54,10,277,6,3,0
133,5,4,45;68,2,6,4,False,PPPP,0,,424,54,10,277,6,3,0
133,5,4,83;125,2,6,2,False,PPPP,0,,424,54,10,277,6,3,0
133,5,4,26;87,2,6,0,False,APPP,1,0;4;24;124,424,54,10,277,6,3,0
133,5,4,18;37,2,6,1,False,PPPP,0,,424,54,10,277,6,3,0
137,5,2,3;13;23;52;55;66;79;83;89;92;94;95;97;102;106;125,16,136,10,False,PPPP,0,,16,68,7,339,1,0,0
137,5,2,5;6;27;29;46;53;57;70;75;86;90;104;111;113;116;117,16,136,30,False,PPPP,0,,16,68,7,339,1,0,0
137,5,2,20;21;24;26;33;47;51;62;67;80;84;91;108;110;131;132,16,136,70,False,PPPP,0,,16,68,7,339,1,0,0
137,5,2,12;31;35;40;42;43;45;48;54;58;71;82;85;114;124;134,16,136,130,False,PPPP,0,,16,68,7,339,1,0,0
137,5,2,10;127,2,8,2,False,PPPP,0,,16,68,7,339,1,0,0
137,5,2,41;96,2,8,6,False,PPPP,0,,16,68,7,339,1,0,0
137,5,3,3;13;23;52;55;66;79;83;89;92;94;95;97;102;106;125,16,136,10,False,PPPP,0,,84,68,7,339,1,0,0
137,5,3,5;6;27;29;46;53;57;70;75;86;90;104;111;113;116;117,16,136,30,False,PPPP,0,,84,68,7,339,1,0,0
137,5,3,20;21;24;26;33;47;51;62;67;80;84;91;108;110;131;132,16,136,70,False,PPPP,0,,84,68,7,339,1,0,0
137,5,3,12;31;35;40;42;43;45;48;54;58;71;82;85;114;124;134,16,136,130,False,PPPP,0,,84,68,7,339,1,0,0
137,5,3,10;127,2,8,2,False,PPPP,0,,84,68,7,339,1,0,0
137,5,3,41;96,2,8,6,False,PPPP,0,,84,68,7,339,1,0,0
137,5,4,3;13;23;52;55;66;79;83;89;92;94;95;97;102;106;125,16,136,10,False,PPPP,0,,424,68,7,339,1,0,0
137,5,4,5;6;27;29;46;53;57;70;75;86;90;104;111;113;116;117,16,136,30,False,PPPP,0,,424,68,7,339,1,0,0
137,5,4,20;21;24;26;33;47;51;62;67;80;84;91;108;110;131;132,16,136,70,False,PPPP,0,,424,68,7,339,1,0,0
137,5,4,12;31;35;40;42;43;45;48;54;58;71;82;85;114;124;134,16,136,130,False,PPPP,0,,424,68,7,339,1,0,0
137,5,4,10;127,2,8,2,False,PPPP,0,,424,68,7,339,1,0,0
137,5,4,41;96,2,8,6,False,PPPP,0,,424,68,7,339,1,0,0
139,5,2,2;15;17;18;26;32;40;56;70;72;73;85;90;102;108;110;111;115;123;126;130;134,22,138,1,False,PPPP,0,,16,69,8,346,3,0,0
139,5,2,8;10;14;23;27;33;39;48;59;60;62;74;75;76;82;84;87;94;95;103;105;133,22,46,1,False,PPPP,0,,16,69,8,346,3,0,0
139,5,2,3;12;19;21;22;50;53;58;61;68;88;92;93;98;101;104;109;114;119;128;132;135,22,138,7,False,PPPP,0,,16,69,8,346,3,0,0
139,5,2,43;97,2,6,1,False,PPPP,0,,16,69,8,346,3,0,0
139,5,2,138,1,2,1,True,APPP,1,2;4;14,16,69,8,346,3,0,0
139,5,3,2;15;17;18;26;32;40;56;70;72;73;85;90;102;108;110;111;115;123;126;130;134,22,138,1,False,PPPP,0,,84,69,8,346,3,0,0
139,5,3,8;10;14;23;27;33;39;48;59;60;62;74;75;76;82;84;87;94;95;103;105;133,22,46,1,False,PPPP,0,,84,69,8,346,3,0,0
139,5,3,3;12;19;21;22;50;53;58;61;68;88;92;93;98;101;104;109;114;119;128;132;135,22,138,7,False,PPPP,0,,84,69,8,346,3,0,0
139,5,3,43;97,2,6,1,False,PPPP,0,,84,69,8,346,3,0,0
139,5,3,138,1,2,1,True,APPP,1,2;4;14;24;74,84,69,8,346,3,0,0
139,5,4,2;15;17;18;26;32;40;56;70;72;73;85;90;102;108;110;111;115;123;126;130;134,22,138,1,False,PPPP,0,,424,69,8,346,3,0,0
139,5,4,8;10;14;23;27;33;39;48;59;60;62;74;75;76;82;84;87;94;95;103;105;133,22,46,1,False,PPPP,0,,424,69,8,346,3,0,0
139,5,4,3;12;19;21;22;50;53;58;61;68;88;92;93;98;101;104;109;114;119;128;132;135,22,138,7,False,PPPP,0,,424,69,8,346,3,0,0
139,5,4,43;97,2,6,1,False,PPPP,0,,424,69,8,346,3,0,0
139,5,4,138,1,2,1,True,APPP,1,2;4;14;24;74;124;374,424,69,8,346,3,0,0
141,5,2,2;8;14;17;32;50;53;56;59;65;68;71;74;83;89;98;101;110;119;122;128;131,22,46,13,False,PPPP,0,,16,46,10,231,2,1,0
141,5,3,2;8;14;17;32;50;53;56;59;65;68;71;74;83;89;98;101;110;119;122;128;131,22,46,13,False,PPPP,0,,84,46,10,231,2,1,0
141,5,4,2;8;14;17;32;50;53;56;59;65;68;71;74;83;89;98;101;110;119;122;128;131,22,46,13,False,PPPP,0,,424,46,10,231,2,1,0
147,5,2,11;44;53;86;107;137,6,42,31,False,PPPP,0,,16,42,10,211,2,1,0
147,5,2,2;23;32;65;74;95,6,42,41,False,PPPP,0,,16,42,10,211,2,1,0
147,5,2,8;29;71;92;113;134,6,14,3,False,PPPP,0,,16,42,10,211,2,1,0
147,5,3,11;44;53;86;107;137,6,42,31,False,PPPP,0,,84,42,10,211,2,1,0
147,5,3,2;23;32;65;74;95,6,42,41,False,PPPP,0,,84,42,10,211,2,1,0
147,5,3,8;29;71;92;113;134,6,14,3,False,PPPP,0,,84,42,10,211,2,1,0
147,5,4,11;44;53;86;107;137,6,42,31,False,PPPP,0,,424,42,10,211,2,1,0
147,5,4,2;23;32;65;74;95,6,42,41,False,PPPP,0,,424,42,10,211,2,1,0
147,5,4,8;29;71;92;113;134,6,14,3,False,PPPP,0,,424,42,10,211,2,1,0
149,5,2,2;10;11;12;13;21;27;32;34;38;41;43;50;55;56;58;59;60;62;65;66;72;74;78;79;92;97;98;101;109;126;131;134;135;141;146,36,148,1,False,PPPP,0,,16,74,8,370,2,0,0
149,5,2,3;8;14;15;18;23;40;48;51;52;57;70;71;75;77;83;84;87;89;90;91;93;94;99;106;108;111;115;117;122;128;136;137;138;139;147,36,148,3,False,PPPP,0,,16,74,8,370,2,0,0
149,5,2,105,1,4,1,True,APPP,1,4,16,74,8,370,2,0,0
149,5,2,44,1,4,3,True,AAPP,2,2;4;8;14,16,74,8,370,2,0,0
149,5,3,2;10;11;12;13;21;27;32;34;38;41;43;50;55;56;58;59;60;62;65;66;72;74;78;79;92;97;98;101;109;126;131;134;135;141;146,36,148,1,False,PPPP,0,,84,74,8,370,2,0,0
149,5,3,3;8;14;15;18;23;40;48;51;52;57;70;71;75;77;83;84;87;89;90;91;93;94;99;106;108;111;115;117;122;128;136;137;138;139;147,36,148,3,False,PPPP,0,,84,74,8,370,2,0,0
149,5,3,105,1,4,1,True,APPP,1,4;24,84,74,8,370,2,0,0
149,5,3,44,1,4,3,True,AAPP,2,2;4;8;14;24;44;74,84,74,8,370,2,0,0
149,5,4,2;10;11;12;13;21;27;32;34;38;41;43;50;55;56;58;59;60;62;65;66;72;74;78;79;92;97;98;101;109;126;131;134;135;141;146,36,148,1,False,PPPP,0,,424,74,8,370,2,0,0
149,5,4,3;8;14;15;18;23;40;48;51;52;57;70;71;75;77;83;84;87;89;90;91;93;94;99;106;108;111;115;117;122;128;136;137;138;139;147,36,148,3,False,PPPP,0,,424,74,8,370,2,0,0
149,5,4,105,1,4,1,True,APPP,1,4;24;124,424,74,8,370,2,0,0
149,5,4,44,1,4,3,True,AAPP,2,2;4;8;14;24;44;74;124;224;374,424,74,8,370,2,0,0
3,7,2,2,1,2,1,True,APPPPP,1,6,36,1,11,6,1,0,0
3,7,3,2,1,2,1,True,APPPPP,1,6;48,258,1,11,6,1,0,0
5,7,2,2;3,2,4,1,False,PPPPPP,0,,36,2,11,13,1,0,0
5,7,3,2;3,2,4,1,False,PPPPPP,0,,258,2,11,13,1,0,0
9,7,2,2,1,6,1,False,PPPPPP,0,,36,3,13,22,3,0,0
9,7,2,5,1,6,5,False,PPPPPP,0,,36,3,13,22,3,0,0
9,7,3,2,1,6,1,False,PPPPPP,0,,258,3,13,22,3,0,0
9,7,3,5,1,6,5,False,PPPPPP,0,,258,3,13,22,3,0,0
11,7,2,2;6;7;8,4,10,1,False,PPPPPP,0,,36,5,11,34,1,0,0
11,7,2,10,1,2,1,False,PPPPPP,0,,36,5,11,34,1,0,0
11,7,3,2;6;7;8,4,10,1,False,PPPPPP,0,,258,5,11,34,1,0,0
11,7,3,10,1,2,1,False,PPPPPP,0,,258,5,11,34,1,0,0
13,7,2,2;11,2,12,1,False,PPPPPP,0,,36,6,13,44,4,0,0
13,7,2,5;8,2,4,1,False,PPPPPP,0,,36,6,13,44,4,0,0
13,7,2,6;7,2,12,5,False,PPPPPP,0,,36,6,13,44,4,0,0
13,7,3,2;11,2,12,1,False,PPPPPP,0,,258,6,13,44,4,0,0
13,7,3,5;8,2,4,1,False,PPPPPP,0,,258,6,13,44,4,0,0
13,7,3,6;7,2,12,5,False,PPPPPP,0,,258,6,13,44,4,0,0
15,7,2,14,1,2,0,False,APPPPP,1,0;6,36,4,14,29,2,1,0
15,7,3,14,1,2,0,False,APPPPP,1,0;6;48,258,4,14,29,2,1,0
17,7,2,3;11,2,16,14,False,PPPPPP,0,,36,8,11,56,2,0,0
17,7,2,5;10,2,16,10,False,PPPPPP,0,,36,8,11,56,2,0,0
17,7,2,6;14,2,16,14,False,PPPPPP,0,,36,8,11,56,2,0,0
17,7,2,7;12,2,16,10,False,PPPPPP,0,,36,8,11,56,2,0,0
17,7,3,3;11,2,16,14,False,PPPPPP,0,,258,8,11,56,2,0,0
17,7,3,5;10,2,16,10,False,PPPPPP,0,,258,8,11,56,2,0,0
17,7,3,6;14,2,16,14,False,PPPPPP,0,,258,8,11,56,2,0,0
17,7,3,7;12,2,16,10,False,PPPPPP,0,,258,8,11,56,2,0,0
19,7,2,2;3;14,3,18,1,False,PPPPPP,0,,36,9,13,64,3,0,0
19,7,2,8,1,6,1,True,AAPPPP,2,6;12,36,9,13,64,3,0,0
19,7,2,10;13;15,3,18,5,False,PPPPPP,0,,36,9,13,64,3,0,0
19,7,2,18,1,2,1,True,APPPPP,1,6,36,9,13,64,3,0,0
19,7,2,12,1,6,5,True,AAAAPP,4,6;12;18;24,36,9,13,64,3,0,0
19,7,3,2;3;14,3,18,1,False,PPPPPP,0,,258,9,13,64,3,0,0
19,7,3,8,1,6,1,True,AAPPPP,2,6;12;48;90,258,9,13,64,3,0,0
19,7,3,10;13;15,3,18,5,False,PPPPPP,0,,258,9,13,64,3,0,0
19,7,3,18,1,2,1,True,APPPPP,1,6;48,258,9,13,64,3,0,0
19,7,3,12,1,6,5,True,AAAAPP,4,6;12;18;24;48;90;132;174,258,9,13,64,3,0,0
23,7,2,5;7;10;11;14;15;17;19;20;21,10,22,2,False,PPPPPP,0,,36,11,14,78,2,1,0
23,7,2,22,1,2,0,False,APPPPP,1,0;6,36,11,14,78,2,1,0
23,7,3,5;7;10;11;14;15;17;19;20;21,10,22,2,False,PPPPPP,0,,258,11,14,78,2,1,0
23,7,3,22,1,2,0,False,APPPPP,1,0;6;48,258,11,14,78,2,1,0
25,7,2,2;3;8;12,4,20,1,False,PPPPPP,0,,36,10,11,69,1,0,0
25,7,2,13;17;22;23,4,20,11,False,PPPPPP,0,,36,10,11,69,1,0,0
25,7,3,2;3;8;12,4,20,1,False,PPPPPP,0,,258,10,11,69,1,0,0
25,7,3,13;17;22;23,4,20,11,False,PPPPPP,0,,258,10,11,69,1,0,0
27,7,2,2;11;20,3,18,1,False,PPPPPP,0,,36,9,13,64,3,0,0
27,7,2,5;14;23,3,18,5,False,PPPPPP,0,,36,9,13,64,3,0,0
27,7,3,2;11;20,3,18,1,False,PPPPPP,0,,258,9,13,64,3,0,0
27,7,3,5;14;23,3,18,5,False,PPPPPP,0,,258,9,13,64,3,0,0
31,7,2,3;12;17;24,4,30,24,False,PPPPPP,0,,36,15,14,113,7,3,0
31,7,2,15;23;27;29,4,10,4,False,PPPPPP,0,,36,15,14,113,7,3,0
31,7,2,26,1,6,0,False,APPPPP,1,0;6,36,15,14,113,7,3,0
31,7,2,11;13;21;22,4,30,24,False,PPPPPP,0,,36,15,14,113,7,3,0
31,7,2,30,1,2,0,True,AAPPPP,2,0;6;12,36,15,14,113,7,3,0
31,7,2,6,1,6,0,False,APPPPP,1,0;6,36,15,14,113,7,3,0
31,7,3,3;12;17;24,4,30,24,False,PPPPPP,0,,258,15,14,113,7,3,0
31,7,3,15;23;27;29,4,10,4,False,PPPPPP,0,,258,15,14,113,7,3,0
31,7,3,26,1,6,0,False,APPPPP,1,0;6;48,258,15,14,113,7,3,0
31,7,3,11;13;21;22,4,30,24,False,PPPPPP,0,,258,15,14,113,7,3,0
31,7,3,30,1,2,0,True,AAPPPP,2,0;6;12;48;90,258,15,14,113,7,3,0
31,7,3,6,1,6,0,False,APPPPP,1,0;6;48,258,15,14,113,7,3,0
33,7,2,5;14;20;26,4,10,7,False,PPPPPP,0,,36,10,11,70,2,0,0
33,7,3,5;14;20;26,4,10,7,False,PPPPPP,0,,258,10,11,70,2,0,0
37,7,2,2;15;17;20;22;35,6,36,1,False,PPPPPP,0,,36,18,13,132,8,0,0
37,7,2,8;29,2,12,1,False,PPPPPP,0,,36,18,13,132,8,0,0
37,7,2,5;13;18;19;24;32,6,36,5,False,PPPPPP,0,,36,18,13,132,8,0,0
37,7,2,6;31,2,4,1,True,APPPPP,1,6,36,18,13,132,8,0,0
37,7,2,14;23,2,12,5,False,PPPPPP,0,,36,18,13,132,8,0,0
37,7,3,2;15;17;20;22;35,6,36,1,False,PPPPPP,0,,258,18,13,132,8,0,0
37,7,3,8;29,2,12,1,False,PPPPPP,0,,258,18,13,132,8,0,0
37,7,3,5;13;18;19;24;32,6,36,5,False,PPPPPP,0,,258,18,13,132,8,0,0
37,7,3,6;31,2,4,1,True,APPPPP,1,6;48,258,18,13,132,8,0,0
37,7,3,14;23,2,12,5,False,PPPPPP,0,,258,18,13,132,8,0,0
39,7,2,17,1,6,4,False,PPPPPP,0,2;20,36,12,14,90,7,1,0
39,7,2,29,1,6,5,False,PPPPPP,0,,36,12,14,90,7,1,0
39,7,2,38,1,2,0,False,APPPPP,1,0;6,36,12,14,90,7,1,0
39,7,2,35,1,6,1,False,PPPPPP,0,,36,12,14,90,7,1,0
39,7,2,23,1,6,2,False,PPPPPP,0,4;34,36,12,14,90,7,1,0
39,7,3,17,1,6,4,False,PPPPPP,0,2;20;146,258,12,14,90,7,1,0
39,7,3,29,1,6,5,False,PPPPPP,0,,258,12,14,90,7,1,0
39,7,3,38,1,2,0,False,APPPPP,1,0;6;48,258,12,14,90,7,1,0
39,7,3,35,1,6,1,False,PPPPPP,0,,258,12,14,90,7,1,0
39,7,3,23,1,6,2,False,PPPPPP,0,4;34;244,258,12,14,90,7,1,0
41,7,2,6;19;29;30,4,40,26,False,PPPPPP,0,,36,20,11,140,2,0,0
41,7,2,11;12;22;35,4,40,38,False,PPPPPP,0,,36,20,11,140,2,0,0
41,7,2,27;38,2,8,2,False,PPPPPP,0,,36,20,11,140,2,0,0
41,7,2,15;24;28;34,4,40,6,False,PPPPPP,0,,36,20,11,140,2,0,0
41,7,2,3;14,2,8,6,False,PPPPPP,0,,36,20,11,140,2,0,0
41,7,2,7;13;17;26,4,40,2,False,PPPPPP,0,,36,20,11,140,2,0,0
41,7,3,6;19;29;30,4,40,26,False,PPPPPP,0,,258,20,11,140,2,0,0
41,7,3,11;12;22;35,4,40,38,False,PPPPPP,0,,258,20,11,140,2,0,0
41,7,3,27;38,2,8,2,False,PPPPPP,0,,258,20,11,140,2,0,0
41,7,3,15;24;28;34,4,40,6,False,PPPPPP,0,,258,20,11,140,2,0,0
41,7,3,3;14,2,8,6,False,PPPPPP,0,,258,20,11,140,2,0,0
41,7,3,7;13;17;26,4,40,2,False,PPPPPP,0,,258,20,11,140,2,0,0
45,7,2,13;22,2,12,7,False,PPPPPP,0,4;34,36,12,14,91,8,1,0
45,7,2,7;43,2,12,11,False,PPPPPP,0,,36,12,14,91,8,1,0
45,7,2,29,1,6,4,False,PPPPPP,0,2;20,36,12,14,91,8,1,0
45,7,2,14,1,6,2,False,PPPPPP,0,4;34,36,12,14,91,8,1,0
45,7,3,13;22,2,12,7,False,PPPPPP,0,4;34;244,258,12,14,91,8,1,0
45,7,3,7;43,2,12,11,False,PPPPPP,0,,258,12,14,91,8,1,0
45,7,3,29,1,6,4,False,PPPPPP,0,2;20;146,258,12,14,91,8,1,0
45,7,3,14,1,6,2,False,PPPPPP,0,4;34;244,258,12,14,91,8,1,0
47,7,2,5;10;11;13;15;19;20;22;23;26;29;30;31;33;35;38;39;40;41;43;44;45,22,46,18,False,PPPPPP,0,,36,23,14,162,2,1,0
47,7,2,46,1,2,0,True,AAPPPP,2,0;6;12,36,23,14,162,2,1,0
47,7,3,5;10;11;13;15;19;20;22;23;26;29;30;31;33;35;38;39;40;41;43;44;45,22,46,18,False,PPPPPP,0,,258,23,14,162,2,1,0
47,7,3,46,1,2,0,True,AAPPPP,2,0;6;12;48;90,258,23,14,162,2,1,0
51,7,2,2;26,2,8,2,False,PPPPPP,0,,36,16,14,120,8,2,0
51,7,2,38;47,2,4,0,False,APPPPP,1,0;6,36,16,14,120,8,2,0
51,7,2,8;32,2,8,6,False,PPPPPP,0,4;34,36,16,14,120,8,2,0
51,7,2,50,1,2,1,False,PPPPPP,0,,36,16,14,120,8,2,0
51,7,3,2;26,2,8,2,False,PPPPPP,0,,258,16,14,120,8,2,0
51,7,3,38;47,2,4,0,False,APPPPP,1,0;6;48,258,16,14,120,8,2,0
51,7,3,8;32,2,8,6,False,PPPPPP,0,4;34;244,258,16,14,120,8,2,0
51,7,3,50,1,2,1,False,PPPPPP,0,,258,16,14,120,8,2,0
53,7,2,2;3;5;12;14;20;21;22;26;34;35;45,12,52,1,False,PPPPPP,0,,36,26,11,182,2,0,0
53,7,2,8;18;19;27;31;32;33;39;41;48;50;51,12,52,3,False,PPPPPP,0,,36,26,11,182,2,0,0
53,7,2,23;30,2,4,1,False,PPPPPP,0,,36,26,11,182,2,0,0
53,7,3,2;3;5;12;14;20;21;22;26;34;35;45,12,52,1,False,PPPPPP,0,,258,26,11,182,2,0,0
53,7,3,8;18;19;27;31;32;33;39;41;48;50;51,12,52,3,False,PPPPPP,0,,258,26,11,182,2,0,0
53,7,3,23;30,2,4,1,False,PPPPPP,0,,258,26,11,182,2,0,0
55,7,2,19;24;29;39,4,10,6,False,PPPPPP,0,,36,20,14,141,2,1,0
55,7,2,37;38;47;53,4,20,9,False,PPPPPP,0,,36,20,14,141,2,1,0
55,7,2,3;27;42;48,4,20,19,False,PPPPPP,0,,36,20,14,141,2,1,0
55,7,2,54,1,2,0,True,AAPPPP,2,0;6;12,36,20,14,141,2,1,0
55,7,3,19;24;29;39,4,10,6,False,PPPPPP,0,,258,20,14,141,2,1,0
55,7,3,37;38;47;53,4,20,9,False,PPPPPP,0,,258,20,14,141,2,1,0
55,7,3,3;27;42;48,4,20,19,False,PPPPPP,0,,258,20,14,141,2,1,0
55,7,3,54,1,2,0,True,AAPPPP,2,0;6;12;48;90,258,20,14,141,2,1,0
57,7,2,23;44;47,3,18,11,False,PPPPPP,0,,36,18,13,131,7,0,0
57,7,2,5;17;35,3,18,13,False,PPPPPP,0,,36,18,13,131,7,0,0
57,7,2,26,1,6,5,True,APPPPP,1,6,36,18,13,131,7,0,0
57,7,2,11,1,6,1,True,APPPPP,1,6,36,18,13,131,7,0,0
57,7,3,23;44;47,3,18,11,False,PPPPPP,0,,258,18,13,131,7,0,0
57,7,3,5;17;35,3,18,13,False,PPPPPP,0,,258,18,13,131,7,0,0
57,7,3,26,1,6,5,True,APPPPP,1,6;48,258,18,13,131,7,0,0
57,7,3,11,1,6,1,True,APPPPP,1,6;48,258,18,13,131,7,0,0
59,7,2,2;10;11;13;24;31;47,7,58,1,False,PPPPPP,0,,36,29,11,202,1,0,0
59,7,2,8;14;18;33;42;55;56,7,58,3,False,PPPPPP,0,,36,29,11,202,1,0,0
59,7,2,6;30;32;40;43;50;54,7,58,5,False,PPPPPP,0,,36,29,11,202,1,0,0
59,7,2,23;34;37;38;39;44;52,7,58,15,False,PPPPPP,0,,36,29,11,202,1,0,0
59,7,2,58,1,2,1,True,APPPPP,1,6,36,29,11,202,1,0,0
59,7,3,2;10;11;13;24;31;47,7,58,1,False,PPPPPP,0,,258,29,11,202,1,0,0
59,7,3,8;14;18;33;42;55;56,7,58,3,False,PPPPPP,0,,258,29,11,202,1,0,0
59,7,3,6;30;32;40;43;50;54,7,58,5,False,PPPPPP,0,,258,29,11,202,1,0,0
59,7,3,23;34;37;38;39;44;52,7,58,15,False,PPPPPP,0,,258,29,11,202,1,0,0
59,7,3,58,1,2,1,True,APPPPP,1,6;48,258,29,11,202,1,0,0
61,7,2,2;6;7;43,4,60,1,False,PPPPPP,0,,36,30,13,217,9,0,0
61,7,2,8;24;33;38,4,20,1,False,PPPPPP,0,,36,30,13,217,9,0,0
61,7,2,29;32,2,12,1,False,PPPPPP,0,4;34,36,30,13,217,9,0,0
61,7,2,31;35;44;51,4,60,11,False,PPPPPP,0,,36,30,13,217,9,0,0
61,7,2,18;54;55;59,4,60,13,False,PPPPPP,0,,36,30,13,217,9,0,0
61,7,2,11;50,2,4,1,False,PPPPPP,0,,36,30,13,217,9,0,0
61,7,2,10;17;26;30,4,60,23,False,PPPPPP,0,,36,30,13,217,9,0,0
61,7,2,21;40,2,12,5,False,PPPPPP,0,,36,30,13,217,9,0,0
61,7,2,23;28;37;53,4,20,11,False,PPPPPP,0,,36,30,13,217,9,0,0
61,7,3,2;6;7;43,4,60,1,False,PPPPPP,0,,258,30,13,217,9,0,0
61,7,3,8;24;33;38,4,20,1,False,PPPPPP,0,,258,30,13,217,9,0,0
61,7,3,29;32,2,12,1,False,PPPPPP,0,4;34;244,258,30,13,217,9,0,0
61,7,3,31;35;44;51,4,60,11,False,PPPPPP,0,,258,30,13,217,9,0,0
61,7,3,18;54;55;59,4,60,13,False,PPPPPP,0,,258,30,13,217,9,0,0
61,7,3,11;50,2,4,1,False,PPPPPP,0,,258,30,13,217,9,0,0
61,7,3,10;17;26;30,4,60,23,False,PPPPPP,0,,258,30,13,217,9,0,0
61,7,3,21;40,2,12,5,False,PPPPPP,0,,258,30,13,217,9,0,0
61,7,3,23;28;37;53,4,20,11,False,PPPPPP,0,,258,30,13,217,9,0,0
65,7,2,24;54,2,12,7,False,PPPPPP,0,,36,24,13,181,15,0,0
65,7,2,17;43,2,12,5,False,PPPPPP,0,,36,24,13,181,15,0,0
65,7,2,34;44,2,4,3,False,PPPPPP,0,,36,24,13,181,15,0,0
65,7,2,3;42,2,12,7,False,PPPPPP,0,,36,24,13,181,15,0,0
65,7,2,19;59,2,12,11,False,PPPPPP,0,,36,24,13,181,15,0,0
65,7,2,12;38,2,4,3,False,PPPPPP,0,,36,24,13,181,15,0,0
65,7,2,22;48,2,12,11,False,PPPPPP,0,,36,24,13,181,15,0,0
65,7,2,23;62,2,12,1,False,PPPPPP,0,,36,24,13,181,15,0,0
65,7,3,24;54,2,12,7,False,PPPPPP,0,,258,24,13,181,15,0,0
65,7,3,17;43,2,12,5,False,PPPPPP,0,,258,24,13,181,15,0,0
65,7,3,34;44,2,4,3,False,PPPPPP,0,,258,24,13,181,15,0,0
65,7,3,3;42,2,12,7,False,PPPPPP,0,,258,24,13,181,15,0,0
65,7,3,19;59,2,12,11,False,PPPPPP,0,,258,24,13,181,15,0,0
65,7,3,12;38,2,4,3,False,PPPPPP,0,,258,24,13,181,15,0,0
65,7,3,22;48,2,12,11,False,PPPPPP,0,,258,24,13,181,15,0,0
65,7,3,23;62,2,12,1,False,PPPPPP,0,,258,24,13,181,15,0,0
67,7,2,2;13;18;28;44;48;50;51;57;61,10,66,1,False,PPPPPP,0,,36,33,13,233,4,0,0
67,7,2,3;5;8;27;42;43;45;52;53;58,10,22,1,False,PPPPPP,0,,36,33,13,233,4,0,0
67,7,2,7;11;12;20;31;32;34;41;46;63,10,66,5,False,PPPPPP,0,,36,33,13,233,4,0,0
67,7,2,38,1,6,1,False,PPPPPP,0,2;20,36,33,13,233,4,0,0
67,7,2,66,1,2,1,False,PPPPPP,0,,36,33,13,233,4,0,0
67,7,2,30,1,6,5,False,PPPPPP,0,,36,33,13,233,4,0,0
67,7,3,2;13;18;28;44;48;50;51;57;61,10,66,1,False,PPPPPP,0,,258,33,13,233,4,0,0
67,7,3,3;5;8;27;42;43;45;52;53;58,10,22,1,False,PPPPPP,0,,258,33,13,233,4,0,0
67,7,3,7;11;12;20;31;32;34;41;46;63,10,66,5,False,PPPPPP,0,,258,33,13,233,4,0,0
67,7,3,38,1,6,1,False,PPPPPP,0,2;20;146,258,33,13,233,4,0,0
67,7,3,66,1,2,1,False,PPPPPP,0,,258,33,13,233,4,0,0
67,7,3,30,1,6,5,False,PPPPPP,0,,258,33,13,233,4,0,0
69,7,2,2;8;26;29;32;35;41;50;59;62,10,22,15,False,PPPPPP,0,,36,22,14,155,2,1,0
69,7,3,2;8;26;29;32;35;41;50;59;62,10,22,15,False,PPPPPP,0,,258,22,14,155,2,1,0
73,7,2,5;11;15;28;40;47,6,72,8,False,PPPPPP,0,,36,36,14,280,26,4,0
73,7,2,17;52,2,24,8,False,PPPPPP,0,2;20,36,36,14,280,26,4,0
73,7,2,13;29;31;34;53;59,6,72,40,False,PPPPPP,0,,36,36,14,280,26,4,0
73,7,2,10;22,2,8,0,False,APPPPP,1,0;6,36,36,14,280,26,4,0
73,7,2,26;33;45;58;62;68,6,72,32,False,PPPPPP,0,,36,36,14,280,26,4,0
73,7,2,7;30,2,24,16,False,PPPPPP,0,4;34,36,36,14,280,26,4,0
73,7,2,14;20;39;42;44;60,6,72,64,False,PPPPPP,0,,36,36,14,280,26,4,0
73,7,2,51;63,2,8,0,False,APPPPP,1,0;6,36,36,14,280,26,4,0
73,7,2,21;56,2,24,8,False,PPPPPP,0,2;20,36,36,14,280,26,4,0
73,7,2,43;66,2,24,16,False,PPPPPP,0,4;34,36,36,14,280,26,4,0
73,7,3,5;11;15;28;40;47,6,72,8,False,PPPPPP,0,,258,36,14,280,26,4,0
73,7,3,17;52,2,24,8,False,PPPPPP,0,2;20;146,258,36,14,280,26,4,0
73,7,3,13;29;31;34;53;59,6,72,40,False,PPPPPP,0,,258,36,14,280,26,4,0
73,7,3,10;22,2,8,0,False,APPPPP,1,0;6;48,258,36,14,280,26,4,0
73,7,3,26;33;45;58;62;68,6,72,32,False,PPPPPP,0,,258,36,14,280,26,4,0
73,7,3,7;30,2,24,16,False,PPPPPP,0,4;34;244,258,36,14,280,26,4,0
73,7,3,14;20;39;42;44;60,6,72,64,False,PPPPPP,0,,258,36,14,280,26,4,0
73,7,3,51;63,2,8,0,False,APPPPP,1,0;6;48,258,36,14,280,26,4,0
73,7,3,21;56,2,24,8,False,PPPPPP,0,2;20;146,258,36,14,280,26,4,0
73,7,3,43;66,2,24,16,False,PPPPPP,0,4;34;244,258,36,14,280,26,4,0
75,7,2,14;29;44;59,4,10,6,False,PPPPPP,0,,36,20,14,141,2,1,0
75,7,2,11;41;56;71,4,10,7,True,APPPPP,1,6,36,20,14,141,2,1,0
75,7,3,14;29;44;59,4,10,6,False,PPPPPP,0,,258,20,14,141,2,1,0
75,7,3,11;41;56;71,4,10,7,True,APPPPP,1,6;48,258,20,14,141,2,1,0
79,7,2,3;28;30;34;35;37;43;54;59;63;66;77,12,78,4,False,PPPPPP,0,,36,39,14,280,8,1,0
79,7,2,12;14;15;17;27;33;41;57;58;61;69;71,12,26,4,False,PPPPPP,0,,36,39,14,280,8,1,0
79,7,2,6;7;29;39;47;48;53;60;68;70;74;75,12,78,20,False,PPPPPP,0,,36,39,14,280,8,1,0
79,7,2,24,1,6,4,False,PPPPPP,0,2;20,36,39,14,280,8,1,0
79,7,2,78,1,2,0,False,APPPPP,1,0;4;6;34,36,39,14,280,8,1,0
79,7,2,56,1,6,2,False,PPPPPP,0,2;4;8;20;34,36,39,14,280,8,1,0
79,7,3,3;28;30;34;35;37;43;54;59;63;66;77,12,78,4,False,PPPPPP,0,,258,39,14,280,8,1,0
79,7,3,12;14;15;17;27;33;41;57;58;61;69;71,12,26,4,False,PPPPPP,0,,258,39,14,280,8,1,0
79,7,3,6;7;29;39;47;48;53;60;68;70;74;75,12,78,20,False,PPPPPP,0,,258,39,14,280,8,1,0
79,7,3,24,1,6,4,False,PPPPPP,0,2;20;146,258,39,14,280,8,1,0
79,7,3,78,1,2,0,False,APPPPP,1,0;4;6;34;48;244,258,39,14,280,8,1,0
79,7,3,56,1,6,2,False,PPPPPP,0,2;4;8;20;34;62;146;244,258,39,14,280,8,1,0
81,7,2,2;11;20;29;38;47;56;65;74,9,54,1,False,PPPPPP,0,,36,27,13,190,3,0,0
81,7,2,5;14;23;32;41;50;59;68;77,9,54,5,False,PPPPPP,0,,36,27,13,190,3,0,0
81,7,3,2;11;20;29;38;47;56;65;74,9,54,1,False,PPPPPP,0,,258,27,13,190,3,0,0
81,7,3,5;14;23;32;41;50;59;68;77,9,54,5,False,PPPPPP,0,,258,27,13,190,3,0,0
83,7,2,2;5;6;8;13;14;15;18;19;20;22;24;32;34;35;39;42;43;45;46;47;50;52;53;54;55;56;57;58;60;62;66;67;71;72;73;74;76;79;80,40,82,1,False,PPPPPP,0,,36,41,11,286,1,0,0
83,7,2,82,1,2,1,True,APPPPP,1,6,36,41,11,286,1,0,0
83,7,3,2;5;6;8;13;14;15;18;19;20;22;24;32;34;35;39;42;43;45;46;47;50;52;53;54;55;56;57;58;60;62;66;67;71;72;73;74;76;79;80,40,82,1,False,PPPPPP,0,,258,41,11,286,1,0,0
83,7,3,82,1,2,1,True,APPPPP,1,6;48,258,41,11,286,1,0,0
85,7,2,54;79,2,16,6,False,PPPPPP,0,,36,32,14,236,10,4,0
85,7,2,53;77,2,8,0,False,APPPPP,1,0;6,36,32,14,236,10,4,0
85,7,2,2;43,2,8,4,False,PPPPPP,0,4;34,36,32,14,236,10,4,0
85,7,2,39;44,2,16,2,False,PPPPPP,0,,36,32,14,236,10,4,0
85,7,2,38;47,2,4,3,True,APPPPP,1,6,36,32,14,236,10,4,0
85,7,2,13;72,2,4,1,False,PPPPPP,0,,36,32,14,236,10,4,0
85,7,2,8;32,2,8,4,False,PPPPPP,0,,36,32,14,236,10,4,0
85,7,2,42;83,2,8,0,False,APPPPP,1,0;6,36,32,14,236,10,4,0
85,7,2,33;67,2,4,1,False,PPPPPP,0,,36,32,14,236,10,4,0
85,7,2,14;74,2,16,6,False,PPPPPP,0,,36,32,14,236,10,4,0
85,7,2,24;29,2,16,2,False,PPPPPP,0,,36,32,14,236,10,4,0
85,7,3,54;79,2,16,6,False,PPPPPP,0,,258,32,14,236,10,4,0
85,7,3,53;77,2,8,0,False,APPPPP,1,0;6;48,258,32,14,236,10,4,0
85,7,3,2;43,2,8,4,False,PPPPPP,0,4;34;244,258,32,14,236,10,4,0
85,7,3,39;44,2,16,2,False,PPPPPP,0,,258,32,14,236,10,4,0
85,7,3,38;47,2,4,3,True,APPPPP,1,6;48,258,32,14,236,10,4,0
85,7,3,13;72,2,4,1,False,PPPPPP,0,,258,32,14,236,10,4,0
85,7,3,8;32,2,8,4,False,PPPPPP,0,,258,32,14,236,10,4,0
85,7,3,42;83,2,8,0,False,APPPPP,1,0;6;48,258,32,14,236,10,4,0
85,7,3,33;67,2,4,1,False,PPPPPP,0,,258,32,14,236,10,4,0
85,7,3,14;74,2,16,6,False,PPPPPP,0,,258,32,14,236,10,4,0
85,7,3,24;29,2,16,2,False,PPPPPP,0,,258,32,14,236,10,4,0
89,7,2,3;7;14;24;26;28;30;35;51;70,10,88,16,False,PPPPPP,0,,36,44,14,319,9,4,0
89,7,2,27;29;33;41;43;58;66;74;76;83,10,88,48,False,PPPPPP,0,,36,44,14,319,9,4,0
89,7,2,19;38;54;59;61;63;65;75;82;86,10,88,80,False,PPPPPP,0,,36,44,14,319,9,4,0
89,7,2,37;77,2,8,0,False,APPPPP,1,0;6,36,44,14,319,9,4,0
89,7,2,6;13;15;23;31;46;48;56;60;62,10,88,64,False,PPPPPP,0,,36,44,14,319,9,4,0
89,7,2,12;52,2,8,0,False,APPPPP,1,0;6,36,44,14,319,9,4,0
89,7,3,3;7;14;24;26;28;30;35;51;70,10,88,16,False,PPPPPP,0,,258,44,14,319,9,4,0
89,7,3,27;29;33;41;43;58;66;74;76;83,10,88,48,False,PPPPPP,0,,258,44,14,319,9,4,0
89,7,3,19;38;54;59;61;63;65;75;82;86,10,88,80,False,PPPPPP,0,,258,44,14,319,9,4,0
89,7,3,37;77,2,8,0,False,APPPPP,1,0;6;48,258,44,14,319,9,4,0
89,7,3,6;13;15;23;31;46;48;56;60;62,10,88,64,False,PPPPPP,0,,258,44,14,319,9,4,0
89,7,3,12;52,2,8,0,False,APPPPP,1,0;6;48,258,44,14,319,9,4,0
93,7,2,20;41;71;80,4,30,3,False,PPPPPP,0,,36,30,14,220,9,3,0
93,7,2,14;38;50;59,4,30,21,False,PPPPPP,0,,36,30,14,220,9,3,0
93,7,2,2;8;35;47,4,10,3,False,PPPPPP,0,,36,30,14,220,9,3,0
93,7,2,56,1,6,3,False,PPPPPP,0,,36,30,14,220,9,3,0
93,7,2,5,1,6,3,False,PPPPPP,0,,36,30,14,220,9,3,0
93,7,3,20;41;71;80,4,30,3,False,PPPPPP,0,,258,30,14,220,9,3,0
93,7,3,14;38;50;59,4,30,21,False,PPPPPP,0,,258,30,14,220,9,3,0
93,7,3,2;8;35;47,4,10,3,False,PPPPPP,0,,258,30,14,220,9,3,0
93,7,3,56,1,6,3,False,PPPPPP,0,,258,30,14,220,9,3,0
93,7,3,5,1,6,3,False,PPPPPP,0,,258,30,14,220,9,3,0
95,7,2,14;59;79,3,18,10,False,PPPPPP,0,,36,36,14,259,8,1,0
95,7,2,23;28;42;47;63;82,6,36,13,False,PPPPPP,0,,36,36,14,259,8,1,0
95,7,2,84,1,6,4,False,PPPPPP,0,2;20,36,36,14,259,8,1,0
95,7,2,17;43;62;73;92;93,6,36,17,False,PPPPPP,0,,36,36,14,259,8,1,0
95,7,2,29;34;89,3,18,14,False,PPPPPP,0,,36,36,14,259,8,1,0
95,7,2,7;83,2,12,7,False,PPPPPP,0,,36,36,14,259,8,1,0
95,7,2,94,1,2,0,False,APPPPP,1,0;2;6;20,36,36,14,259,8,1,0
95,7,2,68;87,2,12,11,False,PPPPPP,0,,36,36,14,259,8,1,0
95,7,2,69,1,6,2,False,PPPPPP,0,4;34,36,36,14,259,8,1,0
95,7,3,14;59;79,3,18,10,False,PPPPPP,0,,258,36,14,259,8,1,0
95,7,3,23;28;42;47;63;82,6,36,13,False,PPPPPP,0,,258,36,14,259,8,1,0
95,7,3,84,1,6,4,False,PPPPPP,0,2;20;146,258,36,14,259,8,1,0
95,7,3,17;43;62;73;92;93,6,36,17,False,PPPPPP,0,,258,36,14,259,8,1,0
95,7,3,29;34;89,3,18,14,False,PPPPPP,0,,258,36,14,259,8,1,0
95,7,3,7;83,2,12,7,False,PPPPPP,0,,258,36,14,259,8,1,0
95,7,3,94,1,2,0,False,APPPPP,1,0;2;6;20;48;146,258,36,14,259,8,1,0
95,7,3,68;87,2,12,11,False,PPPPPP,0,,258,36,14,259,8,1,0
95,7,3,69,1,6,2,False,PPPPPP,0,4;34;244,258,36,14,259,8,1,0
97,7,2,5;40;57;92,4,96,34,False,PPPPPP,0,,36,48,13,343,9,0,0
97,7,2,20;28;69;77,4,32,2,False,PPPPPP,0,,36,48,13,343,9,0,0
97,7,2,10;21;76;87,4,96,74,False,PPPPPP,0,,36,48,13,343,9,0,0
97,7,2,30;46;51;67,4,32,6,False,PPPPPP,0,,36,48,13,343,9,0,0
97,7,2,23;26;71;74,4,96,86,False,PPPPPP,0,,36,48,13,343,9,0,0
97,7,2,29;37;60;68,4,96,58,False,PPPPPP,0,,36,48,13,343,9,0,0
97,7,2,14;15;82;83,4,96,2,False,PPPPPP,0,,36,48,13,343,9,0,0
97,7,2,38;41;56;59,4,96,70,False,PPPPPP,0,,36,48,13,343,9,0,0
97,7,2,7;13;84;90,4,96,82,False,PPPPPP,0,,36,48,13,343,9,0,0
97,7,2,34;45;52;63,4,32,18,False,PPPPPP,0,,36,48,13,343,9,0,0
97,7,2,19;42;55;78,4,32,22,False,PPPPPP,0,,36,48,13,343,9,0,0
97,7,2,17;39;58;80,4,96,50,False,PPPPPP,0,,36,48,13,343,9,0,0
97,7,3,5;40;57;92,4,96,34,False,PPPPPP,0,,258,48,13,343,9,0,0
97,7,3,20;28;69;77,4,32,2,False,PPPPPP,0,,258,48,13,343,9,0,0
97,7,3,10;21;76;87,4,96,74,False,PPPPPP,0,,258,48,13,343,9,0,0
97,7,3,30;46;51;67,4,32,6,False,PPPPPP,0,,258,48,13,343,9,0,0
97,7,3,23;26;71;74,4,96,86,False,PPPPPP,0,,258,48,13,343,9,0,0
97,7,3,29;37;60;68,4,96,58,False,PPPPPP,0,,258,48,13,343,9,0,0
97,7,3,14;15;82;83,4,96,2,False,PPPPPP,0,,258,48,13,343,9,0,0
97,7,3,38;41;56;59,4,96,70,False,PPPPPP,0,,258,48,13,343,9,0,0
97,7,3,7;13;84;90,4,96,82,False,PPPPPP,0,,258,48,13,343,9,0,0
97,7,3,34;45;52;63,4,32,18,False,PPPPPP,0,,258,48,13,343,9,0,0
97,7,3,19;42;55;78,4,32,22,False,PPPPPP,0,,258,48,13,343,9,0,0
97,7,3,17;39;58;80,4,96,50,False,PPPPPP,0,,258,48,13,343,9,0,0
99,7,2,13;40;85;94,4,30,13,False,PPPPPP,0,,36,30,13,214,6,0,0
99,7,2,7;52;61;79,4,30,23,False,PPPPPP,0,,36,30,13,214,6,0,0
99,7,2,20;38;47;92,4,30,11,False,PPPPPP,0,,36,30,13,214,6,0,0
99,7,2,5;14;59;86,4,30,1,False,PPPPPP,0,,36,30,13,214,6,0,0
99,7,2,76,1,6,5,False,PPPPPP,0,,36,30,13,214,6,0,0
99,7,2,43,1,6,1,False,PPPPPP,0,,36,30,13,214,6,0,0
99,7,3,13;40;85;94,4,30,13,False,PPPPPP,0,,258,30,13,214,6,0,0
99,7,3,7;52;61;79,4,30,23,False,PPPPPP,0,,258,30,13,214,6,0,0
99,7,3,20;38;47;92,4,30,11,False,PPPPPP,0,,258,30,13,214,6,0,0
99,7,3,5;14;59;86,4,30,1,False,PPPPPP,0,,258,30,13,214,6,0,0
99,7,3,76,1,6,5,False,PPPPPP,0,,258,30,13,214,6,0,0
99,7,3,43,1,6,1,False,PPPPPP,0,,258,30,13,214,6,0,0
101,7,2,2;27;50;86,4,100,1,False,PPPPPP,0,,36,50,13,350,2,0,0
101,7,2,8;59;63;89,4,100,3,False,PPPPPP,0,,36,50,13,350,2,0,0
101,7,2,32;39;41;44,4,20,1,False,PPPPPP,0,,36,50,13,350,2,0,0
101,7,2,7;46;72;90,4,100,9,False,PPPPPP,0,,36,50,13,350,2,0,0
101,7,2,18;28;48;61,4,100,11,False,PPPPPP,0,,36,50,13,350,2,0,0
101,7,2,11;29;55;94,4,100,13,False,PPPPPP,0,,36,50,13,350,2,0,0
101,7,2,34;35;75;98,4,100,17,False,PPPPPP,0,,36,50,13,350,2,0,0
101,7,2,40;53;73;83,4,100,23,False,PPPPPP,0,,36,50,13,350,2,0,0
101,7,2,10;91,2,4,1,False,PPPPPP,0,,36,50,13,350,2,0,0
101,7,2,15;51;74;99,4,100,51,False,PPPPPP,0,,36,50,13,350,2,0,0
101,7,2,12;38;42;93,4,100,53,False,PPPPPP,0,,36,50,13,350,2,0,0
101,7,2,57;60;62;69,4,20,11,False,PPPPPP,0,,36,50,13,350,2,0,0
101,7,2,3;26;66;67,4,100,67,False,PPPPPP,0,,36,50,13,350,2,0,0
101,7,3,2;27;50;86,4,100,1,False,PPPPPP,0,,258,50,13,350,2,0,0
101,7,3,8;59;63;89,4,100,3,False,PPPPPP,0,,258,50,13,350,2,0,0
101,7,3,32;39;41;44,4,20,1,False,PPPPPP,0,,258,50,13,350,2,0,0
101,7,3,7;46;72;90,4,100,9,False,PPPPPP,0,,258,50,13,350,2,0,0
101,7,3,18;28;48;61,4,100,11,False,PPPPPP,0,,258,50,13,350,2,0,0
101,7,3,11;29;55;94,4,100,13,False,PPPPPP,0,,258,50,13,350,2,0,0
101,7,3,34;35;75;98,4,100,17,False,PPPPPP,0,,258,50,13,350,2,0,0
101,7,3,40;53;73;83,4,100,23,False,PPPPPP,0,,258,50,13,350,2,0,0
101,7,3,10;91,2,4,1,False,PPPPPP,0,,258,50,13,350,2,0,0
101,7,3,15;51;74;99,4,100,51,False,PPPPPP,0,,258,50,13,350,2,0,0
101,7,3,12;38;42;93,4,100,53,False,PPPPPP,0,,258,50,13,350,2,0,0
101,7,3,57;60;62;69,4,20,11,False,PPPPPP,0,,258,50,13,350,2,0,0
101,7,3,3;26;66;67,4,100,67,False,PPPPPP,0,,258,50,13,350,2,0,0
103,7,2,5;11;12;21;40;45;51;53;65;67;70;71;86;88;96;99,16,102,44,False,PPPPPP,0,,36,51,14,365,9,1,0
103,7,2,3;10;22;24;27;31;37;39;42;69;73;80;89;90;94;95,16,34,10,False,PPPPPP,0,,36,51,14,365,9,1,0
103,7,2,6;20;35;43;44;48;54;62;74;75;77;78;84;85;87;101,16,102,16,False,PPPPPP,0,,36,51,14,365,9,1,0
103,7,2,57,1,6,2,False,PPPPPP,0,4;34,36,51,14,365,9,1,0
103,7,2,102,1,2,0,True,AAPPPP,2,0;2;6;12;20,36,51,14,365,9,1,0
103,7,2,47,1,6,4,False,PPPPPP,0,2;20,36,51,14,365,9,1,0
103,7,3,5;11;12;21;40;45;51;53;65;67;70;71;86;88;96;99,16,102,44,False,PPPPPP,0,,258,51,14,365,9,1,0
103,7,3,3;10;22;24;27;31;37;39;42;69;73;80;89;90;94;95,16,34,10,False,PPPPPP,0,,258,51,14,365,9,1,0
103,7,3,6;20;35;43;44;48;54;62;74;75;77;78;84;85;87;101,16,102,16,False,PPPPPP,0,,258,51,14,365,9,1,0
103,7,3,57,1,6,2,False,PPPPPP,0,4;34;244,258,51,14,365,9,1,0
103,7,3,102,1,2,0,True,AAPPPP,2,0;2;6;12;20;48;90;146,258,51,14,365,9,1,0
103,7,3,47,1,6,4,False,PPPPPP,0,2;20;146,258,51,14,365,9,1,0
107,7,2,2;5;7;15;17;20;21;26;43;45;46;50;51;54;55;60;63;66;70;71;72;84;88;91;93;104,26,106,1,False,PPPPPP,0,,36,53,12,371,2,0,0
107,7,2,6;8;18;22;24;28;31;32;38;58;59;65;67;68;73;74;77;78;80;82;94;95;96;97;98;103,26,106,3,False,PPPPPP,0,,36,53,12,371,2,0,0
107,7,2,106,1,2,1,False,PPPPPP,0,4;34,36,53,12,371,2,0,0
107,7,3,2;5;7;15;17;20;21;26;43;45;46;50;51;54;55;60;63;66;70;71;72;84;88;91;93;104,26,106,1,False,PPPPPP,0,,258,53,12,371,2,0,0
107,7,3,6;8;18;22;24;28;31;32;38;58;59;65;67;68;73;74;77;78;80;82;94;95;96;97;98;103,26,106,3,False,PPPPPP,0,,258,53,12,371,2,0,0
107,7,3,106,1,2,1,False,PPPPPP,0,4;34;244,258,53,12,371,2,0,0
109,7,2,6;10;13;14;24;40;51;52;53;56;57;58;69;85;95;96;99;103,18,108,57,False,PPPPPP,0,,36,54,13,385,9,0,0
109,7,2,2;17;19;90;92;107,6,36,21,False,PPPPPP,0,,36,54,13,385,9,0,0
109,7,2,11;18;30;37;39;42;44;47;50;59;62;65;67;70;72;79;91;98,18,108,69,False,PPPPPP,0,,36,54,13,385,9,0,0
109,7,2,8;101,2,12,9,False,PPPPPP,0,,36,54,13,385,9,0,0
109,7,2,23;32;54;55;77;86,6,36,33,False,PPPPPP,0,,36,54,13,385,9,0,0
109,7,2,33;76,2,4,1,True,APPPPP,1,6,36,54,13,385,9,0,0
109,7,2,41;68,2,12,9,False,PPPPPP,0,,36,54,13,385,9,0,0
109,7,3,6;10;13;14;24;40;51;52;53;56;57;58;69;85;95;96;99;103,18,108,57,False,PPPPPP,0,,258,54,13,385,9,0,0
109,7,3,2;17;19;90;92;107,6,36,21,False,PPPPPP,0,,258,54,13,385,9,0,0
109,7,3,11;18;30;37;39;42;44;47;50;59;62;65;67;70;72;79;91;98,18,108,69,False,PPPPPP,0,,258,54,13,385,9,0,0
109,7,3,8;101,2,12,9,False,PPPPPP,0,,258,54,13,385,9,0,0
109,7,3,23;32;54;55;77;86,6,36,33,False,PPPPPP,0,,258,54,13,385,9,0,0
109,7,3,33;76,2,4,1,True,APPPPP,1,6;48,258,54,13,385,9,0,0
109,7,3,41;68,2,12,9,False,PPPPPP,0,,258,54,13,385,9,0,0
111,7,2,41;77;104,3,18,10,False,PPPPPP,0,,36,36,14,264,13,1,0
111,7,2,53;83;86,3,18,11,False,PPPPPP,0,,36,36,14,264,13,1,0
111,7,2,101,1,6,4,False,PPPPPP,0,2;20,36,36,14,264,13,1,0
111,7,2,44;71;107,3,18,13,False,PPPPPP,0,,36,36,14,264,13,1,0
111,7,2,62;65;95,3,18,14,False,PPPPPP,0,,36,36,14,264,13,1,0
111,7,2,26,1,6,5,False,PPPPPP,0,2;20,36,36,14,264,13,1,0
111,7,2,110,1,2,0,True,AAAPPP,3,0;6;12;18,36,36,14,264,13,1,0
111,7,2,47,1,6,1,False,PPPPPP,0,,36,36,14,264,13,1,0
111,7,2,11,1,6,2,False,PPPPPP,0,2;4;10;20;34,36,36,14,264,13,1,0
111,7,3,41;77;104,3,18,10,False,PPPPPP,0,,258,36,14,264,13,1,0
111,7,3,53;83;86,3,18,11,False,PPPPPP,0,,258,36,14,264,13,1,0
111,7,3,101,1,6,4,False,PPPPPP,0,2;20;146,258,36,14,264,13,1,0
111,7,3,44;71;107,3,18,13,False,PPPPPP,0,,258,36,14,264,13,1,0
111,7,3,62;65;95,3,18,14,False,PPPPPP,0,,258,36,14,264,13,1,0
111,7,3,26,1,6,5,False,PPPPPP,0,2;20;146,258,36,14,264,13,1,0
111,7,3,110,1,2,0,True,AAAPPP,3,0;6;12;18;48;90;132,258,36,14,264,13,1,0
111,7,3,47,1,6,1,False,PPPPPP,0,,258,36,14,264,13,1,0
111,7,3,11,1,6,2,False,PPPPPP,0,2;4;10;20;34;76;146;244,258,36,14,264,13,1,0
115,7,2,14;19;34;44;74;79;84;89;99;109,10,22,13,False,PPPPPP,0,,36,44,14,309,2,1,0
115,7,2,2;3;13;18;32;52;58;62;73;77,10,44,19,False,PPPPPP,0,,36,44,14,309,2,1,0
115,7,2,8;12;27;48;72;78;82;87;98;108,10,44,41,False,PPPPPP,0,,36,44,14,309,2,1,0
115,7,2,114,1,2,1,True,APPPPP,1,6,36,44,14,309,2,1,0
115,7,3,14;19;34;44;74;79;84;89;99;109,10,22,13,False,PPPPPP,0,,258,44,14,309,2,1,0
115,7,3,2;3;13;18;32;52;58;62;73;77,10,44,19,False,PPPPPP,0,,258,44,14,309,2,1,0
115,7,3,8;12;27;48;72;78;82;87;98;108,10,44,41,False,PPPPPP,0,,258,44,14,309,2,1,0
115,7,3,114,1,2,1,True,APPPPP,1,6;48,258,44,14,309,2,1,0
117,7,2,67;76,2,12,5,False,PPPPPP,0,4;34,36,36,14,282,28,4,0
117,7,2,106;115,2,12,9,False,PPPPPP,0,,36,36,14,282,28,4,0
117,7,2,56,1,6,2,False,PPPPPP,0,4;10;16;34,36,36,14,282,28,4,0
117,7,2,95,1,6,0,False,APPPPP,1,0;4;6;34,36,36,14,282,28,4,0
117,7,2,31;112,2,12,7,False,PPPPPP,0,,36,36,14,282,28,4,0
117,7,2,34;70,2,12,11,False,PPPPPP,0,,36,36,14,282,28,4,0
117,7,2,29,1,6,3,False,PPPPPP,0,,36,36,14,282,28,4,0
117,7,2,68,1,6,1,True,APPPPP,1,6,36,36,14,282,28,4,0
117,7,2,58;85,2,12,9,False,PPPPPP,0,,36,36,14,282,28,4,0
117,7,2,7;97,2,12,1,False,PPPPPP,0,,36,36,14,282,28,4,0
117,7,2,38,1,6,4,False,PPPPPP,0,2;20,36,36,14,282,28,4,0
117,7,2,77,1,6,2,False,PPPPPP,0,4;34,36,36,14,282,28,4,0
117,7,2,74,1,6,5,True,APPPPP,1,0;6,36,36,14,282,28,4,0
117,7,2,113,1,6,3,False,PPPPPP,0,2;20,36,36,14,282,28,4,0
117,7,2,101,1,6,0,False,APPPPP,1,0;6,36,36,14,282,28,4,0
117,7,2,23,1,6,4,False,PPPPPP,0,2;20,36,36,14,282,28,4,0
117,7,3,67;76,2,12,5,False,PPPPPP,0,4;34;244,258,36,14,282,28,4,0
117,7,3,106;115,2,12,9,False,PPPPPP,0,,258,36,14,282,28,4,0
117,7,3,56,1,6,2,False,PPPPPP,0,4;10;16;34;76;118;244,258,36,14,282,28,4,0
117,7,3,95,1,6,0,False,APPPPP,1,0;4;6;34;48;244,258,36,14,282,28,4,0
117,7,3,31;112,2,12,7,False,PPPPPP,0,,258,36,14,282,28,4,0
117,7,3,34;70,2,12,11,False,PPPPPP,0,,258,36,14,282,28,4,0
117,7,3,29,1,6,3,False,PPPPPP,0,,258,36,14,282,28,4,0
117,7,3,68,1,6,1,True,APPPPP,1,6;48,258,36,14,282,28,4,0
117,7,3,58;85,2,12,9,False,PPPPPP,0,,258,36,14,282,28,4,0
117,7,3,7;97,2,12,1,False,PPPPPP,0,,258,36,14,282,28,4,0
117,7,3,38,1,6,4,False,PPPPPP,0,2;20;146,258,36,14,282,28,4,0
117,7,3,77,1,6,2,False,PPPPPP,0,4;34;244,258,36,14,282,28,4,0
117,7,3,74,1,6,5,True,APPPPP,1,0;6;48,258,36,14,282,28,4,0
117,7,3,113,1,6,3,False,PPPPPP,0,2;20;146,258,36,14,282,28,4,0
117,7,3,101,1,6,0,False,APPPPP,1,0;6;48,258,36,14,282,28,4,0
117,7,3,23,1,6,4,False,PPPPPP,0,2;20;146,258,36,14,282,28,4,0
121,7,2,2;6;7;17;19;24;28;29;35;46;62;63;72;74;85;90;105;106;107;117,20,110,1,False,PPPPPP,0,,36,55,11,384,1,0,0
121,7,2,8;13;18;30;39;41;50;51;52;57;61;68;73;79;83;84;95;96;101;116,20,110,3,False,PPPPPP,0,,36,55,11,384,1,0,0
121,7,2,10;21;32;43;54;65;76;87;98;109,10,22,1,False,PPPPPP,0,,36,55,11,384,1,0,0
121,7,3,2;6;7;17;19;24;28;29;35;46;62;63;72;74;85;90;105;106;107;117,20,110,1,False,PPPPPP,0,,258,55,11,384,1,0,0
121,7,3,8;13;18;30;39;41;50;51;52;57;61;68;73;79;83;84;95;96;101;116,20,110,3,False,PPPPPP,0,,258,55,11,384,1,0,0
121,7,3,10;21;32;43;54;65;76;87;98;109,10,22,1,False,PPPPPP,0,,258,55,11,384,1,0,0
123,7,2,62;74;77;80,4,20,16,False,PPPPPP,0,,36,40,14,285,5,2,0
123,7,2,23;86;107;113,4,10,1,False,PPPPPP,0,,36,40,14,285,5,2,0
123,7,2,59;92;98;119,4,10,7,False,PPPPPP,0,,36,40,14,285,5,2,0
123,7,2,32;50,2,4,0,False,APPPPP,1,0;6,36,40,14,285,5,2,0
123,7,2,122,1,2,1,False,PPPPPP,0,2;20,36,40,14,285,5,2,0
123,7,2,2;5;8;20,4,20,16,False,PPPPPP,0,,36,40,14,285,5,2,0
123,7,3,62;74;77;80,4,20,16,False,PPPPPP,0,,258,40,14,285,5,2,0
123,7,3,23;86;107;113,4,10,1,False,PPPPPP,0,,258,40,14,285,5,2,0
123,7,3,59;92;98;119,4,10,7,False,PPPPPP,0,,258,40,14,285,5,2,0
123,7,3,32;50,2,4,0,False,APPPPP,1,0;6;48,258,40,14,285,5,2,0
123,7,3,122,1,2,1,False,PPPPPP,0,2;20;146,258,40,14,285,5,2,0
123,7,3,2;5;8;20,4,20,16,False,PPPPPP,0,,258,40,14,285,5,2,0
125,7,2,2;3;62;83,4,100,1,False,PPPPPP,0,,36,50,11,349,1,0,0
125,7,2,8;27;37;78,4,100,3,False,PPPPPP,0,,36,50,11,349,1,0,0
125,7,2,12;28;52;58,4,100,9,False,PPPPPP,0,,36,50,11,349,1,0,0
125,7,2,13;17;22;48,4,100,11,False,PPPPPP,0,,36,50,11,349,1,0,0
125,7,2,67;73;97;113,4,100,13,False,PPPPPP,0,,36,50,11,349,1,0,0
125,7,2,23;38;72;92,4,100,17,False,PPPPPP,0,,36,50,11,349,1,0,0
125,7,2,77;103;108;112,4,100,23,False,PPPPPP,0,,36,50,11,349,1,0,0
125,7,2,42;63;122;123,4,100,51,False,PPPPPP,0,,36,50,11,349,1,0,0
125,7,2,47;88;98;117,4,100,53,False,PPPPPP,0,,36,50,11,349,1,0,0
125,7,2,33;53;87;102,4,100,67,False,PPPPPP,0,,36,50,11,349,1,0,0
125,7,3,2;3;62;83,4,100,1,False,PPPPPP,0,,258,50,11,349,1,0,0
125,7,3,8;27;37;78,4,100,3,False,PPPPPP,0,,258,50,11,349,1,0,0
125,7,3,12;28;52;58,4,100,9,False,PPPPPP,0,,258,50,11,349,1,0,0
125,7,3,13;17;22;48,4,100,11,False,PPPPPP,0,,258,50,11,349,1,0,0
125,7,3,67;73;97;113,4,100,13,False,PPPPPP,0,,258,50,11,349,1,0,0
125,7,3,23;38;72;92,4,100,17,False,PPPPPP,0,,258,50,11,349,1,0,0
125,7,3,77;103;108;112,4,100,23,False,PPPPPP,0,,258,50,11,349,1,0,0
125,7,3,42;63;122;123,4,100,51,False,PPPPPP,0,,258,50,11,349,1,0,0
125,7,3,47;88;98;117,4,100,53,False,PPPPPP,0,,258,50,11,349,1,0,0
125,7,3,33;53;87;102,4,100,67,False,PPPPPP,0,,258,50,11,349,1,0,0
131,7,2,2;10;40;50;66;76;87;90;95;115;118;128,12,130,1,False,PPPPPP,0,,36,65,12,455,2,0,0
131,7,2,8;26;30;72;82;83;96;97;104;111;116;126,12,130,3,False,PPPPPP,0,,36,65,12,455,2,0,0
131,7,2,18;19;24;32;47;51;68;69;71;79;86;92,12,26,1,False,PPPPPP,0,,36,65,12,455,2,0,0
131,7,2,6;14;22;29;31;93;98;103;119;120;122;127,12,130,9,False,PPPPPP,0,,36,65,12,455,2,0,0
131,7,2,42;70;73;78,4,10,1,False,PPPPPP,0,,36,65,12,455,2,0,0
131,7,2,17;23;37;54;56;57;67;85;88;106;110;124,12,130,23,False,PPPPPP,0,,36,65,12,455,2,0,0
131,7,2,130,1,2,1,True,APPPPP,1,4;6;34,36,65,12,455,2,0,0
131,7,3,2;10;40;50;66;76;87;90;95;115;118;128,12,130,1,False,PPPPPP,0,,258,65,12,455,2,0,0
131,7,3,8;26;30;72;82;83;96;97;104;111;116;126,12,130,3,False,PPPPPP,0,,258,65,12,455,2,0,0
131,7,3,18;19;24;32;47;51;68;69;71;79;86;92,12,26,1,False,PPPPPP,0,,258,65,12,455,2,0,0
131,7,3,6;14;22;29;31;93;98;103;119;120;122;127,12,130,9,False,PPPPPP,0,,258,65,12,455,2,0,0
131,7,3,42;70;73;78,4,10,1,False,PPPPPP,0,,258,65,12,455,2,0,0
131,7,3,17;23;37;54;56;57;67;85;88;106;110;124,12,130,23,False,PPPPPP,0,,258,65,12,455,2,0,0
131,7,3,130,1,2,1,True,APPPPP,1,4;6;34;48;244,258,65,12,455,2,0,0
135,7,2,13;22;58;67;103;112,6,36,13,False,PPPPPP,0,,36,36,14,259,8,1,0
135,7,2,7;43;52;88;97;133,6,36,17,False,PPPPPP,0,,36,36,14,259,8,1,0
135,7,2,29;74;119,3,18,10,False,PPPPPP,0,,36,36,14,259,8,1,0
135,7,2,14;59;104,3,18,14,False,PPPPPP,0,,36,36,14,259,8,1,0
135,7,3,13;22;58;67;103;112,6,36,13,False,PPPPPP,0,,258,36,14,259,8,1,0
135,7,3,7;43;52;88;97;133,6,36,17,False,PPPPPP,0,,258,36,14,259,8,1,0
135,7,3,29;74;119,3,18,10,False,PPPPPP,0,,258,36,14,259,8,1,0
135,7,3,14;59;104,3,18,14,False,PPPPPP,0,,258,36,14,259,8,1,0
137,7,2,3;13;20;24;51;79;83;84;92;95;102;108;110;125;131;132,16,136,10,False,PPPPPP,0,,36,68,11,476,2,0,0
137,7,2,5;6;12;27;29;35;42;45;53;54;58;86;113;117;124;134,16,136,30,False,PPPPPP,0,,36,68,11,476,2,0,0
137,7,2,21;23;26;33;47;52;55;62;66;67;80;89;91;94;97;106,16,136,50,False,PPPPPP,0,,36,68,11,476,2,0,0
137,7,2,31;40;43;46;48;57;70;71;75;82;85;90;104;111;114;116,16,136,14,False,PPPPPP,0,,36,68,11,476,2,0,0
137,7,2,41;127,2,8,2,False,PPPPPP,0,,36,68,11,476,2,0,0
137,7,2,10;96,2,8,6,False,PPPPPP,0,,36,68,11,476,2,0,0
137,7,3,3;13;20;24;51;79;83;84;92;95;102;108;110;125;131;132,16,136,10,False,PPPPPP,0,,258,68,11,476,2,0,0
137,7,3,5;6;12;27;29;35;42;45;53;54;58;86;113;117;124;134,16,136,30,False,PPPPPP,0,,258,68,11,476,2,0,0
137,7,3,21;23;26;33;47;52;55;62;66;67;80;89;91;94;97;106,16,136,50,False,PPPPPP,0,,258,68,11,476,2,0,0
137,7,3,31;40;43;46;48;57;70;71;75;82;85;90;104;111;114;116,16,136,14,False,PPPPPP,0,,258,68,11,476,2,0,0
137,7,3,41;127,2,8,2,False,PPPPPP,0,,258,68,11,476,2,0,0
137,7,3,10;96,2,8,6,False,PPPPPP,0,,258,68,11,476,2,0,0
139,7,2,2;12;15;19;21;61;68;72;73;85;88;90;93;104;110;111;114;119;123;126;128;130,22,138,1,False,PPPPPP,0,,36,69,13,484,3,0,0
139,7,2,8;10;14;23;27;33;39;48;59;60;62;74;75;76;82;84;87;94;95;103;105;133,22,46,1,False,PPPPPP,0,,36,69,13,484,3,0,0
139,7,2,3;17;18;22;26;32;40;50;53;56;58;70;92;98;101;102;108;109;115;132;134;135,22,138,5,False,PPPPPP,0,,36,69,13,484,3,0,0
139,7,2,97,1,6,1,False,PPPPPP,0,,36,69,13,484,3,0,0
139,7,2,138,1,2,1,True,APPPPP,1,6,36,69,13,484,3,0,0
139,7,2,43,1,6,5,False,PPPPPP,0,,36,69,13,484,3,0,0
139,7,3,2;12;15;19;21;61;68;72;73;85;88;90;93;104;110;111;114;119;123;126;128;130,22,138,1,False,PPPPPP,0,,258,69,13,484,3,0,0
139,7,3,8;10;14;23;27;33;39;48;59;60;62;74;75;76;82;84;87;94;95;103;105;133,22,46,1,False,PPPPPP,0,,258,69,13,484,3,0,0
139,7,3,3;17;18;22;26;32;40;50;53;56;58;70;92;98;101;102;108;109;115;132;134;135,22,138,5,False,PPPPPP,0,,258,69,13,484,3,0,0
139,7,3,97,1,6,1,False,PPPPPP,0,,258,69,13,484,3,0,0
139,7,3,138,1,2,1,True,APPPPP,1,6;48,258,69,13,484,3,0,0
139,7,3,43,1,6,5,False,PPPPPP,0,,258,69,13,484,3,0,0
141,7,2,2;8;14;17;32;50;53;56;59;65;68;71;74;83;89;98;101;110;119;122;128;131,22,46,13,False,PPPPPP,0,,36,46,14,323,2,1,0
141,7,3,2;8;14;17;32;50;53;56;59;65;68;71;74;83;89;98;101;110;119;122;128;131,22,46,13,False,PPPPPP,0,,258,46,14,323,2,1,0
143,7,2,15;80;115;141,4,60,17,False,PPPPPP,0,,36,60,14,429,9,2,0
143,7,2,37;93;102;119,4,60,29,False,PPPPPP,0,,36,60,14,429,9,2,0
143,7,2,17;30;95;134,4,30,8,False,PPPPPP,0,,36,60,14,429,9,2,0
143,7,2,43,1,6,4,False,PPPPPP,0,2;20,36,60,14,429,9,2,0
143,7,2,5;31;47;125,4,20,9,False,PPPPPP,0,,36,60,14,429,9,2,0
143,7,2,60;70;86;135,4,20,13,False,PPPPPP,0,,36,60,14,429,9,2,0
143,7,2,29;68;94;107,4,30,13,False,PPPPPP,0,,36,60,14,429,9,2,0
143,7,2,120,1,6,5,False,APPPPP,1,0;4;6;34,36,60,14,429,9,2,0
143,7,2,20;58;136;137,4,60,37,False,PPPPPP,0,,36,60,14,429,9,2,0
143,7,2,59;71;97;124,4,60,49,False,PPPPPP,0,,36,60,14,429,9,2,0
143,7,2,51;90;116;129,4,10,6,False,PPPPPP,0,,36,60,14,429,9,2,0
143,7,2,142,1,2,0,True,AAAAPP,4,0;6;12;18;24,36,60,14,429,9,2,0
143,7,2,35;61;74;139,4,30,23,False,PPPPPP,0,,36,60,14,429,9,2,0
143,7,2,87,1,6,1,False,PPPPPP,0,,36,60,14,429,9,2,0
143,7,2,62;101;127;140,4,30,28,False,PPPPPP,0,,36,60,14,429,9,2,0
143,7,2,10,1,6,2,False,PPPPPP,0,4;34,36,60,14,429,9,2,0
143,7,3,15;80;115;141,4,60,17,False,PPPPPP,0,,258,60,14,429,9,2,0
143,7,3,37;93;102;119,4,60,29,False,PPPPPP,0,,258,60,14,429,9,2,0
143,7,3,17;30;95;134,4,30,8,False,PPPPPP,0,,258,60,14,429,9,2,0
143,7,3,43,1,6,4,False,PPPPPP,0,2;20;146,258,60,14,429,9,2,0
143,7,3,5;31;47;125,4,20,9,False,PPPPPP,0,,258,60,14,429,9,2,0
143,7,3,60;70;86;135,4,20,13,False,PPPPPP,0,,258,60,14,429,9,2,0
143,7,3,29;68;94;107,4,30,13,False,PPPPPP,0,,258,60,14,429,9,2,0
143,7,3,120,1,6,5,False,APPPPP,1,0;4;6;34;48;244,258,60,14,429,9,2,0
143,7,3,20;58;136;137,4,60,37,False,PPPPPP,0,,258,60,14,429,9,2,0
143,7,3,59;71;97;124,4,60,49,False,PPPPPP,0,,258,60,14,429,9,2,0
143,7,3,51;90;116;129,4,10,6,False,PPPPPP,0,,258,60,14,429,9,2,0
143,7,3,142,1,2,0,True,AAAAPP,4,0;6;12;18;24;48;90;132;174,258,60,14,429,9,2,0
143,7,3,35;61;74;139,4,30,23,False,PPPPPP,0,,258,60,14,429,9,2,0
143,7,3,87,1,6,1,False,PPPPPP,0,,258,60,14,429,9,2,0
143,7,3,62;101;127;140,4,30,28,False,PPPPPP,0,,258,60,14,429,9,2,0
143,7,3,10,1,6,2,False,PPPPPP,0,4;34;244,258,60,14,429,9,2,0
149,7,2,2;13;21;40;51;56;58;65;66;83;84;91;93;98;109;128;136;147,18,148,1,False,PPPPPP,0,,36,74,13,519,3,0,0
149,7,2,8;18;23;38;41;55;70;71;74;75;78;79;94;108;111;126;131;141,18,148,3,False,PPPPPP,0,,36,74,13,519,3,0,0
149,7,2,3;11;15;32;43;48;57;60;62;87;89;92;101;106;117;134;138;146,18,148,5,False,PPPPPP,0,,36,74,13,519,3,0,0
149,7,2,10;12;14;27;34;50;52;59;72;77;90;97;99;115;122;135;137;139,18,148,15,False,PPPPPP,0,,36,74,13,519,3,0,0
149,7,2,44;105,2,4,1,False,PPPPPP,0,,36,74,13,519,3,0,0
149,7,3,2;13;21;40;51;56;58;65;66;83;84;91;93;98;109;128;136;147,18,148,1,False,PPPPPP,0,,258,74,13,519,3,0,0
149,7,3,8;18;23;38;41;55;70;71;74;75;78;79;94;108;111;126;131;141,18,148,3,False,PPPPPP,0,,258,74,13,519,3,0,0
149,7,3,3;11;15;32;43;48;57;60;62;87;89;92;101;106;117;134;138;146,18,148,5,False,PPPPPP,0,,258,74,13,519,3,0,0
149,7,3,10;12;14;27;34;50;52;59;72;77;90;97;99;115;122;135;137;139,18,148,15,False,PPPPPP,0,,258,74,13,519,3,0,0
149,7,3,44;105,2,4,1,False,PPPPPP,0,,258,74,13,519,3,0,0
3,11,2,2,1,2,1,False,PPPPPPPPPP,0,,100,1,10,9,0,0,0
3,11,3,2,1,2,1,False,PPPPPPPPPP,0,,1110,1,10,9,0,0,0
5,11,2,2;3,2,4,1,True,APPPPPPPPP,1,10,100,2,17,21,1,0,0
5,11,3,2;3,2,4,1,True,APPPPPPPPP,1,10;120,1110,2,17,21,1,0,0
7,11,2,3;5,2,6,2,False,PPPPPPPPPP,0,,100,3,22,33,1,1,0
7,11,2,6,1,2,0,True,AAPPPPPPPP,2,0;10;20,100,3,22,33,1,1,0
7,11,3,3;5,2,6,2,False,PPPPPPPPPP,0,,1110,3,22,33,1,1,0
7,11,3,6,1,2,0,True,AAPPPPPPPP,2,0;10;20;120;230,1110,3,22,33,1,1,0
9,11,2,2;5,2,6,1,False,PPPPPPPPPP,0,,100,3,11,31,0,0,0
9,11,3,2;5,2,6,1,False,PPPPPPPPPP,0,,1110,3,11,31,0,0,0
13,11,2,2;7,2,12,1,False,PPPPPPPPPP,0,,100,6,17,65,1,0,0
13,11,2,5;8,2,4,1,False,PPPPPPPPPP,0,,100,6,17,65,1,0,0
13,11,2,6;11,2,12,5,False,PPPPPPPPPP,0,,100,6,17,65,1,0,0
13,11,3,2;7,2,12,1,False,PPPPPPPPPP,0,,1110,6,17,65,1,0,0
13,11,3,5;8,2,4,1,False,PPPPPPPPPP,0,,1110,6,17,65,1,0,0
13,11,3,6;11,2,12,5,False,PPPPPPPPPP,0,,1110,6,17,65,1,0,0
15,11,2,14,1,2,0,False,APPPPPPPPP,1,0;6;10;16;76,100,4,22,46,3,1,0
15,11,3,14,1,2,0,False,APPPPPPPPP,1,0;6;10;16;76;120;186;846,1110,4,22,46,3,1,0
17,11,2,3;7;10;14,4,16,14,False,PPPPPPPPPP,0,,100,8,17,88,2,0,0
17,11,2,5;6;11;12,4,16,6,False,PPPPPPPPPP,0,,100,8,17,88,2,0,0
17,11,3,3;7;10;14,4,16,14,False,PPPPPPPPPP,0,,1110,8,17,88,2,0,0
17,11,3,5;6;11;12,4,16,6,False,PPPPPPPPPP,0,,1110,8,17,88,2,0,0
19,11,2,2;3;10;13;14;15,6,18,1,False,PPPPPPPPPP,0,,100,9,14,98,1,0,0
19,11,2,8;12,2,6,1,True,APPPPPPPPP,1,10,100,9,14,98,1,0,0
19,11,2,18,1,2,1,True,AAPPPPPPPP,2,2;10;20;32,100,9,14,98,1,0,0
19,11,3,2;3;10;13;14;15,6,18,1,False,PPPPPPPPPP,0,,1110,9,14,98,1,0,0
19,11,3,8;12,2,6,1,True,APPPPPPPPP,1,10;120,1110,9,14,98,1,0,0
19,11,3,18,1,2,1,True,AAPPPPPPPP,2,2;10;20;32;120;230;362,1110,9,14,98,1,0,0
21,11,2,2;11,2,6,1,False,PPPPPPPPPP,0,,100,6,22,68,3,1,0
21,11,3,2;11,2,6,1,False,PPPPPPPPPP,0,,1110,6,22,68,3,1,0
25,11,2,2;23,2,20,1,False,PPPPPPPPPP,0,,100,10,21,116,8,0,0
25,11,2,8;17,2,20,3,False,PPPPPPPPPP,0,,100,10,21,116,8,0,0
25,11,2,3;22,2,20,7,False,PPPPPPPPPP,0,,100,10,21,116,8,0,0
25,11,2,12;13,2,20,9,False,PPPPPPPPPP,0,,100,10,21,116,8,0,0
25,11,3,2;23,2,20,1,False,PPPPPPPPPP,0,,1110,10,21,116,8,0,0
25,11,3,8;17,2,20,3,False,PPPPPPPPPP,0,,1110,10,21,116,8,0,0
25,11,3,3;22,2,20,7,False,PPPPPPPPPP,0,,1110,10,21,116,8,0,0
25,11,3,12;13,2,20,9,False,PPPPPPPPPP,0,,1110,10,21,116,8,0,0
27,11,2,2;5;11;14;20;23,6,18,1,False,PPPPPPPPPP,0,,100,9,11,97,0,0,0
27,11,3,2;5;11;14;20;23,6,18,1,False,PPPPPPPPPP,0,,1110,9,11,97,0,0,0
29,11,2,2;10;11;18;19;27,6,28,1,False,PPPPPPPPPP,0,,100,14,21,154,2,0,0
29,11,2,3;8;14;15;21;26,6,28,3,False,PPPPPPPPPP,0,,100,14,21,154,2,0,0
29,11,2,12;17,2,4,1,False,PPPPPPPPPP,0,,100,14,21,154,2,0,0
29,11,3,2;10;11;18;19;27,6,28,1,False,PPPPPPPPPP,0,,1110,14,21,154,2,0,0
29,11,3,3;8;14;15;21;26,6,28,3,False,PPPPPPPPPP,0,,1110,14,21,154,2,0,0
29,11,3,12;17,2,4,1,False,PPPPPPPPPP,0,,1110,14,21,154,2,0,0
31,11,2,3;13,2,30,24,False,PPPPPPPPPP,0,4;54,100,15,22,187,21,3,0
31,11,2,27,1,10,4,False,PPPPPPPPPP,0,4;8;14;54;98,100,15,22,187,21,3,0
31,11,2,6;26,2,6,0,False,APPPPPPPPP,1,0;10,100,15,22,187,21,3,0
31,11,2,17;22,2,30,18,False,PPPPPPPPPP,0,8;98,100,15,22,187,21,3,0
31,11,2,29,1,10,2,False,PPPPPPPPPP,0,4;54,100,15,22,187,21,3,0
31,11,2,11;24,2,30,12,False,PPPPPPPPPP,0,2;32,100,15,22,187,21,3,0
31,11,2,30,1,2,0,False,APPPPPPPPP,1,0;10,100,15,22,187,21,3,0
31,11,2,12;21,2,30,6,False,PPPPPPPPPP,0,6;76,100,15,22,187,21,3,0
31,11,2,15,1,10,8,False,PPPPPPPPPP,0,6;76,100,15,22,187,21,3,0
31,11,2,23,1,10,6,False,PPPPPPPPPP,0,2;32,100,15,22,187,21,3,0
31,11,3,3;13,2,30,24,False,PPPPPPPPPP,0,4;54;604,1110,15,22,187,21,3,0
31,11,3,27,1,10,4,False,PPPPPPPPPP,0,4;8;14;54;98;164;604;1088,1110,15,22,187,21,3,0
31,11,3,6;26,2,6,0,False,APPPPPPPPP,1,0;10;120,1110,15,22,187,21,3,0
31,11,3,17;22,2,30,18,False,PPPPPPPPPP,0,8;98;1088,1110,15,22,187,21,3,0
31,11,3,29,1,10,2,False,PPPPPPPPPP,0,4;54;604,1110,15,22,187,21,3,0
31,11,3,11;24,2,30,12,False,PPPPPPPPPP,0,2;32;362,1110,15,22,187,21,3,0
31,11,3,30,1,2,0,False,APPPPPPPPP,1,0;10;120,1110,15,22,187,21,3,0
31,11,3,12;21,2,30,6,False,PPPPPPPPPP,0,6;76;846,1110,15,22,187,21,3,0
31,11,3,15,1,10,8,False,PPPPPPPPPP,0,6;76;846,1110,15,22,187,21,3,0
31,11,3,23,1,10,6,False,PPPPPPPPPP,0,2;32;362,1110,15,22,187,21,3,0
35,11,2,19;24,2,6,5,False,PPPPPPPPPP,0,,100,12,22,134,3,1,0
35,11,2,2;18,2,12,11,False,PPPPPPPPPP,0,,100,12,22,134,3,1,0
35,11,2,23;32,2,12,5,False,PPPPPPPPPP,0,,100,12,22,134,3,1,0
35,11,2,34,1,2,1,True,APPPPPPPPP,1,4;10;54,100,12,22,134,3,1,0
35,11,3,19;24,2,6,5,False,PPPPPPPPPP,0,,1110,12,22,134,3,1,0
35,11,3,2;18,2,12,11,False,PPPPPPPPPP,0,,1110,12,22,134,3,1,0
35,11,3,23;32,2,12,5,False,PPPPPPPPPP,0,,1110,12,22,134,3,1,0
35,11,3,34,1,2,1,True,APPPPPPPPP,1,4;10;54;120;604,1110,12,22,134,3,1,0
37,11,2,2;5;13;15;19;20,6,36,1,False,PPPPPPPPPP,0,,100,18,17,197,1,0,0
37,11,2,8;14,2,12,1,False,PPPPPPPPPP,0,,100,18,17,197,1,0,0
37,11,2,17;18;22;24;32;35,6,36,5,False,PPPPPPPPPP,0,,100,18,17,197,1,0,0
37,11,2,6;31,2,4,1,False,PPPPPPPPPP,0,,100,18,17,197,1,0,0
37,11,2,23;29,2,12,5,False,PPPPPPPPPP,0,,100,18,17,197,1,0,0
37,11,3,2;5;13;15;19;20,6,36,1,False,PPPPPPPPPP,0,,1110,18,17,197,1,0,0
37,11,3,8;14,2,12,1,False,PPPPPPPPPP,0,,1110,18,17,197,1,0,0
37,11,3,17;18;22;24;32;35,6,36,5,False,PPPPPPPPPP,0,,1110,18,17,197,1,0,0
37,11,3,6;31,2,4,1,False,PPPPPPPPPP,0,,1110,18,17,197,1,0,0
37,11,3,23;29,2,12,5,False,PPPPPPPPPP,0,,1110,18,17,197,1,0,0
39,11,2,17;23,2,6,4,False,PPPPPPPPPP,0,,100,12,22,136,5,1,0
39,11,2,29;35,2,6,5,False,PPPPPPPPPP,0,,100,12,22,136,5,1,0
39,11,2,38,1,2,0,True,AAPPPPPPPP,2,0;2;10;20;32,100,12,22,136,5,1,0
39,11,3,17;23,2,6,4,False,PPPPPPPPPP,0,,1110,12,22,136,5,1,0
39,11,3,29;35,2,6,5,False,PPPPPPPPPP,0,,1110,12,22,136,5,1,0
39,11,3,38,1,2,0,True,AAPPPPPPPP,2,0;2;10;20;32;120;230;362,1110,12,22,136,5,1,0
41,11,2,6;28,2,40,26,False,PPPPPPPPPP,0,,100,20,22,240,20,2,0
41,11,2,11;17,2,40,38,False,PPPPPPPPPP,0,,100,20,22,240,20,2,0
41,11,2,3;27,2,8,2,False,PPPPPPPPPP,0,,100,20,22,240,20,2,0
41,11,2,15;29,2,40,22,False,PPPPPPPPPP,0,,100,20,22,240,20,2,0
41,11,2,19;34,2,40,34,False,PPPPPPPPPP,0,,100,20,22,240,20,2,0
41,11,2,24;30,2,40,18,False,PPPPPPPPPP,0,,100,20,22,240,20,2,0
41,11,2,12;26,2,40,2,False,PPPPPPPPPP,0,,100,20,22,240,20,2,0
41,11,2,13;35,2,40,26,False,APPPPPPPPP,1,0;10,100,20,22,240,20,2,0
41,11,2,14;38,2,8,2,False,PPPPPPPPPP,0,4;54,100,20,22,240,20,2,0
41,11,2,7;22,2,40,34,False,PPPPPPPPPP,0,,100,20,22,240,20,2,0
41,11,3,6;28,2,40,26,False,PPPPPPPPPP,0,,1110,20,22,240,20,2,0
41,11,3,11;17,2,40,38,False,PPPPPPPPPP,0,,1110,20,22,240,20,2,0
41,11,3,3;27,2,8,2,False,PPPPPPPPPP,0,,1110,20,22,240,20,2,0
41,11,3,15;29,2,40,22,False,PPPPPPPPPP,0,,1110,20,22,240,20,2,0
41,11,3,19;34,2,40,34,False,PPPPPPPPPP,0,,1110,20,22,240,20,2,0
41,11,3,24;30,2,40,18,False,PPPPPPPPPP,0,,1110,20,22,240,20,2,0
41,11,3,12;26,2,40,2,False,PPPPPPPPPP,0,,1110,20,22,240,20,2,0
41,11,3,13;35,2,40,26,False,APPPPPPPPP,1,0;10;120,1110,20,22,240,20,2,0
41,11,3,14;38,2,8,2,False,PPPPPPPPPP,0,4;54;604,1110,20,22,240,20,2,0
41,11,3,7;22,2,40,34,False,PPPPPPPPPP,0,,1110,20,22,240,20,2,0
43,11,2,3;5;18;20;30;34,6,42,27,False,PPPPPPPPPP,0,,100,21,11,229,0,0,0
43,11,2,2;27;39,3,14,13,False,PPPPPPPPPP,0,,100,21,11,229,0,0,0
43,11,2,12;19;26;28;29;33,6,42,9,False,PPPPPPPPPP,0,,100,21,11,229,0,0,0
43,11,2,7;37,2,6,3,True,APPPPPPPPP,1,10,100,21,11,229,0,0,0
43,11,2,8;22;32,3,14,11,False,PPPPPPPPPP,0,,100,21,11,229,0,0,0
43,11,2,42,1,2,1,True,APPPPPPPPP,1,10,100,21,11,229,0,0,0
43,11,3,3;5;18;20;30;34,6,42,27,False,PPPPPPPPPP,0,,1110,21,11,229,0,0,0
43,11,3,2;27;39,3,14,13,False,PPPPPPPPPP,0,,1110,21,11,229,0,0,0
43,11,3,12;19;26;28;29;33,6,42,9,False,PPPPPPPPPP,0,,1110,21,11,229,0,0,0
43,11,3,7;37,2,6,3,True,APPPPPPPPP,1,10;120,1110,21,11,229,0,0,0
43,11,3,8;22;32,3,14,11,False,PPPPPPPPPP,0,,1110,21,11,229,0,0,0
43,11,3,42,1,2,1,True,APPPPPPPPP,1,10;120,1110,21,11,229,0,0,0
45,11,2,22;43,2,12,7,False,PPPPPPPPPP,0,,100,12,22,136,5,1,0
45,11,2,7;13,2,12,11,False,PPPPPPPPPP,0,,100,12,22,136,5,1,0
45,11,2,14;29,2,6,4,False,PPPPPPPPPP,0,8;98,100,12,22,136,5,1,0
45,11,3,22;43,2,12,7,False,PPPPPPPPPP,0,,1110,12,22,136,5,1,0
45,11,3,7;13,2,12,11,False,PPPPPPPPPP,0,,1110,12,22,136,5,1,0
45,11,3,14;29,2,6,4,False,PPPPPPPPPP,0,8;98;1088,1110,12,22,136,5,1,0
47,11,2,5;10;11;13;15;19;20;22;23;26;29;30;31;33;35;38;39;40;41;43;44;45,22,46,18,False,PPPPPPPPPP,0,,100,23,22,254,2,1,0
47,11,2,46,1,2,0,False,APPPPPPPPP,1,0;8;10;98,100,23,22,254,2,1,0
47,11,3,5;10;11;13;15;19;20;22;23;26;29;30;31;33;35;38;39;40;41;43;44;45,22,46,18,False,PPPPPPPPPP,0,,1110,23,22,254,2,1,0
47,11,3,46,1,2,0,False,APPPPPPPPP,1,0;8;10;98;120;1088,1110,23,22,254,2,1,0
49,11,2,3;5;12;17;24;40,6,42,26,False,PPPPPPPPPP,0,,100,21,22,231,1,1,0
49,11,2,6;13;27,3,14,12,False,PPPPPPPPPP,0,,100,21,22,231,1,1,0
49,11,2,10;26;33;38;45;47,6,42,4,False,PPPPPPPPPP,0,,100,21,22,231,1,1,0
49,11,2,20;34;41,3,14,8,False,PPPPPPPPPP,0,,100,21,22,231,1,1,0
49,11,3,3;5;12;17;24;40,6,42,26,False,PPPPPPPPPP,0,,1110,21,22,231,1,1,0
49,11,3,6;13;27,3,14,12,False,PPPPPPPPPP,0,,1110,21,22,231,1,1,0
49,11,3,10;26;33;38;45;47,6,42,4,False,PPPPPPPPPP,0,,1110,21,22,231,1,1,0
49,11,3,20;34;41,3,14,8,False,PPPPPPPPPP,0,,1110,21,22,231,1,1,0
51,11,2,26;32,2,8,2,False,PPPPPPPPPP,0,,100,16,22,180,4,2,0
51,11,2,38;47,2,4,0,False,APPPPPPPPP,1,0;10,100,16,22,180,4,2,0
51,11,2,50,1,2,1,True,APPPPPPPPP,1,10,100,16,22,180,4,2,0
51,11,2,2;8,2,8,2,False,PPPPPPPPPP,0,,100,16,22,180,4,2,0
51,11,3,26;32,2,8,2,False,PPPPPPPPPP,0,,1110,16,22,180,4,2,0
51,11,3,38;47,2,4,0,False,APPPPPPPPP,1,0;10;120,1110,16,22,180,4,2,0
51,11,3,50,1,2,1,True,APPPPPPPPP,1,10;120,1110,16,22,180,4,2,0
51,11,3,2;8,2,8,2,False,PPPPPPPPPP,0,,1110,16,22,180,4,2,0
53,11,2,2;3;5;12;14;20;21;22;26;34;35;45,12,52,1,False,PPPPPPPPPP,0,,100,26,17,285,1,0,0
53,11,2,8;18;19;27;31;32;33;39;41;48;50;51,12,52,3,False,PPPPPPPPPP,0,,100,26,17,285,1,0,0
53,11,2,23;30,2,4,1,False,PPPPPPPPPP,0,,100,26,17,285,1,0,0
53,11,3,2;3;5;12;14;20;21;22;26;34;35;45,12,52,1,False,PPPPPPPPPP,0,,1110,26,17,285,1,0,0
53,11,3,8;18;19;27;31;32;33;39;41;48;50;51,12,52,3,False,PPPPPPPPPP,0,,1110,26,17,285,1,0,0
53,11,3,23;30,2,4,1,False,PPPPPPPPPP,0,,1110,26,17,285,1,0,0
57,11,2,5;17;23;35;44;47,6,18,11,False,PPPPPPPPPP,0,,100,18,14,197,1,0,0
57,11,2,11;26,2,6,5,False,PPPPPPPPPP,0,,100,18,14,197,1,0,0
57,11,3,5;17;23;35;44;47,6,18,11,False,PPPPPPPPPP,0,,1110,18,14,197,1,0,0
57,11,3,11;26,2,6,5,False,PPPPPPPPPP,0,,1110,18,14,197,1,0,0
59,11,2,2;6;8;10;11;13;14;18;23;24;30;31;32;33;34;37;38;39;40;42;43;44;47;50;52;54;55;56,28,58,1,False,PPPPPPPPPP,0,,100,29,20,319,2,0,0
59,11,2,58,1,2,1,False,PPPPPPPPPP,0,6;8;76;98,100,29,20,319,2,0,0
59,11,3,2;6;8;10;11;13;14;18;23;24;30;31;32;33;34;37;38;39;40;42;43;44;47;50;52;54;55;56,28,58,1,False,PPPPPPPPPP,0,,1110,29,20,319,2,0,0
59,11,3,58,1,2,1,False,PPPPPPPPPP,0,6;8;76;98;846;1088,1110,29,20,319,2,0,0
61,11,2,2;35,2,60,1,False,PPPPPPPPPP,0,,100,30,21,338,10,0,0
61,11,2,8;53,2,20,1,False,PPPPPPPPPP,0,,100,30,21,338,10,0,0
61,11,2,21;32,2,12,1,False,PPPPPPPPPP,0,,100,30,21,338,10,0,0
61,11,2,6;44,2,60,7,False,PPPPPPPPPP,0,,100,30,21,338,10,0,0
61,11,2,24;37,2,20,3,False,PPPPPPPPPP,0,,100,30,21,338,10,0,0
61,11,2,10;18,2,60,13,False,PPPPPPPPPP,0,,100,30,21,338,10,0,0
61,11,2,11;50,2,4,1,False,PPPPPPPPPP,0,,100,30,21,338,10,0,0
61,11,2,30;54,2,60,19,False,PPPPPPPPPP,0,,100,30,21,338,10,0,0
61,11,2,28;33,2,20,7,False,PPPPPPPPPP,0,,100,30,21,338,10,0,0
61,11,2,29;40,2,12,5,False,PPPPPPPPPP,0,,100,30,21,338,10,0,0
61,11,2,23;38,2,20,9,False,PPPPPPPPPP,0,,100,30,21,338,10,0,0
61,11,2,26;59,2,60,31,False,PPPPPPPPPP,0,,100,30,21,338,10,0,0
61,11,2,17;55,2,60,37,False,PPPPPPPPPP,0,,100,30,21,338,10,0,0
61,11,2,43;51,2,60,43,False,PPPPPPPPPP,0,,100,30,21,338,10,0,0
61,11,2,7;31,2,60,49,False,PPPPPPPPPP,0,,100,30,21,338,10,0,0
61,11,3,2;35,2,60,1,False,PPPPPPPPPP,0,,1110,30,21,338,10,0,0
61,11,3,8;53,2,20,1,False,PPPPPPPPPP,0,,1110,30,21,338,10,0,0
61,11,3,21;32,2,12,1,False,PPPPPPPPPP,0,,1110,30,21,338,10,0,0
61,11,3,6;44,2,60,7,False,PPPPPPPPPP,0,,1110,30,21,338,10,0,0
61,11,3,24;37,2,20,3,False,PPPPPPPPPP,0,,1110,30,21,338,10,0,0
61,11,3,10;18,2,60,13,False,PPPPPPPPPP,0,,1110,30,21,338,10,0,0
61,11,3,11;50,2,4,1,False,PPPPPPPPPP,0,,1110,30,21,338,10,0,0
61,11,3,30;54,2,60,19,False,PPPPPPPPPP,0,,1110,30,21,338,10,0,0
61,11,3,28;33,2,20,7,False,PPPPPPPPPP,0,,1110,30,21,338,10,0,0
61,11,3,29;40,2,12,5,False,PPPPPPPPPP,0,,1110,30,21,338,10,0,0
61,11,3,23;38,2,20,9,False,PPPPPPPPPP,0,,1110,30,21,338,10,0,0
61,11,3,26;59,2,60,31,False,PPPPPPPPPP,0,,1110,30,21,338,10,0,0
61,11,3,17;55,2,60,37,False,PPPPPPPPPP,0,,1110,30,21,338,10,0,0
61,11,3,43;51,2,60,43,False,PPPPPPPPPP,0,,1110,30,21,338,10,0,0
61,11,3,7;31,2,60,49,False,PPPPPPPPPP,0,,1110,30,21,338,10,0,0
63,11,2,31;61,2,6,4,True,APPPPPPPPP,1,10,100,18,22,206,7,3,0
63,11,2,40;52,2,6,0,False,APPPPPPPPP,1,0;10,100,18,22,206,7,3,0
63,11,2,2;32,2,6,5,False,PPPPPPPPPP,0,,100,18,22,206,7,3,0
63,11,2,11;23,2,6,3,False,PPPPPPPPPP,0,,100,18,22,206,7,3,0
63,11,2,13;34,2,6,2,False,PPPPPPPPPP,0,,100,18,22,206,7,3,0
63,11,3,31;61,2,6,4,True,APPPPPPPPP,1,10;120,1110,18,22,206,7,3,0
63,11,3,40;52,2,6,0,False,APPPPPPPPP,1,0;10;120,1110,18,22,206,7,3,0
63,11,3,2;32,2,6,5,False,PPPPPPPPPP,0,,1110,18,22,206,7,3,0
63,11,3,11;23,2,6,3,False,PPPPPPPPPP,0,,1110,18,22,206,7,3,0
63,11,3,13;34,2,6,2,False,PPPPPPPPPP,0,,1110,18,22,206,7,3,0
65,11,2,54;59,2,12,7,False,PPPPPPPPPP,0,,100,24,17,266,4,0,0
65,11,2,17;23,2,12,5,False,PPPPPPPPPP,0,,100,24,17,266,4,0,0
65,11,2,43;62,2,12,11,False,PPPPPPPPPP,0,,100,24,17,266,4,0,0
65,11,2,34;44,2,4,3,False,PPPPPPPPPP,0,,100,24,17,266,4,0,0
65,11,2,42;48,2,12,7,False,PPPPPPPPPP,0,,100,24,17,266,4,0,0
65,11,2,3;22,2,12,1,False,PPPPPPPPPP,0,,100,24,17,266,4,0,0
65,11,2,19;24,2,12,11,False,PPPPPPPPPP,0,,100,24,17,266,4,0,0
65,11,2,12;38,2,4,3,False,PPPPPPPPPP,0,,100,24,17,266,4,0,0
65,11,3,54;59,2,12,7,False,PPPPPPPPPP,0,,1110,24,17,266,4,0,0
65,11,3,17;23,2,12,5,False,PPPPPPPPPP,0,,1110,24,17,266,4,0,0
65,11,3,43;62,2,12,11,False,PPPPPPPPPP,0,,1110,24,17,266,4,0,0
65,11,3,34;44,2,4,3,False,PPPPPPPPPP,0,,1110,24,17,266,4,0,0
65,11,3,42;48,2,12,7,False,PPPPPPPPPP,0,,1110,24,17,266,4,0,0
65,11,3,3;22,2,12,1,False,PPPPPPPPPP,0,,1110,24,17,266,4,0,0
65,11,3,19;24,2,12,11,False,PPPPPPPPPP,0,,1110,24,17,266,4,0,0
65,11,3,12;38,2,4,3,False,PPPPPPPPPP,0,,1110,24,17,266,4,0,0
71,11,2,7;31;52,3,70,6,False,PPPPPPPPPP,0,,100,35,22,391,7,1,0
71,11,2,28;42;59,3,70,18,False,PPPPPPPPPP,0,,100,35,22,391,7,1,0
71,11,2,26;34;51,3,14,6,False,PPPPPPPPPP,0,,100,35,22,391,7,1,0
71,11,2,14,1,10,6,False,PPPPPPPPPP,0,2;32,100,35,22,391,7,1,0
71,11,2,13;35;47,3,70,54,False,PPPPPPPPPP,0,,100,35,22,391,7,1,0
71,11,2,23;39;41,3,14,4,False,PPPPPPPPPP,0,,100,35,22,391,7,1,0
71,11,2,21;62;67,3,70,32,False,PPPPPPPPPP,0,,100,35,22,391,7,1,0
71,11,2,55;56;61,3,70,44,False,PPPPPPPPPP,0,,100,35,22,391,7,1,0
71,11,2,46,1,10,8,False,PPPPPPPPPP,0,6;76,100,35,22,391,7,1,0
71,11,2,44;53;63,3,70,68,False,PPPPPPPPPP,0,,100,35,22,391,7,1,0
71,11,2,11;68;69,3,70,46,False,PPPPPPPPPP,0,,100,35,22,391,7,1,0
71,11,2,70,1,2,0,False,APPPPPPPPP,1,0;10,100,35,22,391,7,1,0
71,11,2,22;33;65,3,70,12,False,PPPPPPPPPP,0,,100,35,22,391,7,1,0
71,11,2,17,1,10,2,False,PPPPPPPPPP,0,4;54,100,35,22,391,7,1,0
71,11,2,66,1,10,4,False,PPPPPPPPPP,0,8;98,100,35,22,391,7,1,0
71,11,3,7;31;52,3,70,6,False,PPPPPPPPPP,0,,1110,35,22,391,7,1,0
71,11,3,28;42;59,3,70,18,False,PPPPPPPPPP,0,,1110,35,22,391,7,1,0
71,11,3,26;34;51,3,14,6,False,PPPPPPPPPP,0,,1110,35,22,391,7,1,0
71,11,3,14,1,10,6,False,PPPPPPPPPP,0,2;32;362,1110,35,22,391,7,1,0
71,11,3,13;35;47,3,70,54,False,PPPPPPPPPP,0,,1110,35,22,391,7,1,0
71,11,3,23;39;41,3,14,4,False,PPPPPPPPPP,0,,1110,35,22,391,7,1,0
71,11,3,21;62;67,3,70,32,False,PPPPPPPPPP,0,,1110,35,22,391,7,1,0
71,11,3,55;56;61,3,70,44,False,PPPPPPPPPP,0,,1110,35,22,391,7,1,0
71,11,3,46,1,10,8,False,PPPPPPPPPP,0,6;76;846,1110,35,22,391,7,1,0
71,11,3,44;53;63,3,70,68,False,PPPPPPPPPP,0,,1110,35,22,391,7,1,0
71,11,3,11;68;69,3,70,46,False,PPPPPPPPPP,0,,1110,35,22,391,7,1,0
71,11,3,70,1,2,0,False,APPPPPPPPP,1,0;10;120,1110,35,22,391,7,1,0
71,11,3,22;33;65,3,70,12,False,PPPPPPPPPP,0,,1110,35,22,391,7,1,0
71,11,3,17,1,10,2,False,PPPPPPPPPP,0,4;54;604,1110,35,22,391,7,1,0
71,11,3,66,1,10,4,False,PPPPPPPPPP,0,8;98;1088,1110,35,22,391,7,1,0
73,11,2,5;13;28;29;31;40,6,72,8,False,PPPPPPPPPP,0,,100,36,22,403,5,4,0
73,11,2,7;52,2,24,8,False,PPPPPPPPPP,0,,100,36,22,403,5,4,0
73,11,2,11;15;34;47;53;59,6,72,40,False,PPPPPPPPPP,0,,100,36,22,403,5,4,0
73,11,2,10;51,2,8,0,False,APPPPPPPPP,1,0;10,100,36,22,403,5,4,0
73,11,2,33;42;44;45;60;68,6,72,32,False,PPPPPPPPPP,0,,100,36,22,403,5,4,0
73,11,2,17;30,2,24,16,False,PPPPPPPPPP,0,,100,36,22,403,5,4,0
73,11,2,14;20;26;39;58;62,6,72,64,False,PPPPPPPPPP,0,,100,36,22,403,5,4,0
73,11,2,21;66,2,24,8,False,PPPPPPPPPP,0,,100,36,22,403,5,4,0
73,11,2,22;63,2,8,0,False,APPPPPPPPP,1,0;10,100,36,22,403,5,4,0
73,11,2,43;56,2,24,16,False,PPPPPPPPPP,0,,100,36,22,403,5,4,0
73,11,3,5;13;28;29;31;40,6,72,8,False,PPPPPPPPPP,0,,1110,36,22,403,5,4,0
73,11,3,7;52,2,24,8,False,PPPPPPPPPP,0,,1110,36,22,403,5,4,0
73,11,3,11;15;34;47;53;59,6,72,40,False,PPPPPPPPPP,0,,1110,36,22,403,5,4,0
73,11,3,10;51,2,8,0,False,APPPPPPPPP,1,0;10;120,1110,36,22,403,5,4,0
73,11,3,33;42;44;45;60;68,6,72,32,False,PPPPPPPPPP,0,,1110,36,22,403,5,4,0
73,11,3,17;30,2,24,16,False,PPPPPPPPPP,0,,1110,36,22,403,5,4,0
73,11,3,14;20;26;39;58;62,6,72,64,False,PPPPPPPPPP,0,,1110,36,22,403,5,4,0
73,11,3,21;66,2,24,8,False,PPPPPPPPPP,0,,1110,36,22,403,5,4,0
73,11,3,22;63,2,8,0,False,APPPPPPPPP,1,0;10;120,1110,36,22,403,5,4,0
73,11,3,43;56,2,24,16,False,PPPPPPPPPP,0,,1110,36,22,403,5,4,0
75,11,2,29,1,10,6,False,PPPPPPPPPP,0,2;12;32,100,20,22,236,16,2,0
75,11,2,41,1,10,7,False,PPPPPPPPPP,0,,100,20,22,236,16,2,0
75,11,2,14,1,10,8,False,PPPPPPPPPP,0,6;76,100,20,22,236,16,2,0
75,11,2,56,1,10,9,False,PPPPPPPPPP,0,,100,20,22,236,16,2,0
75,11,2,71,1,10,1,False,APPPPPPPPP,1,0;10,100,20,22,236,16,2,0
75,11,2,59,1,10,2,False,PPPPPPPPPP,0,4;6;54;76,100,20,22,236,16,2,0
75,11,2,11,1,10,3,False,PPPPPPPPPP,0,,100,20,22,236,16,2,0
75,11,2,44,1,10,4,False,PPPPPPPPPP,0,8;98,100,20,22,236,16,2,0
75,11,3,29,1,10,6,False,PPPPPPPPPP,0,2;12;32;142;362,1110,20,22,236,16,2,0
75,11,3,41,1,10,7,False,PPPPPPPPPP,0,,1110,20,22,236,16,2,0
75,11,3,14,1,10,8,False,PPPPPPPPPP,0,6;76;846,1110,20,22,236,16,2,0
75,11,3,56,1,10,9,False,PPPPPPPPPP,0,,1110,20,22,236,16,2,0
75,11,3,71,1,10,1,False,APPPPPPPPP,1,0;10;120,1110,20,22,236,16,2,0
75,11,3,59,1,10,2,False,PPPPPPPPPP,0,4;6;54;76;604;846,1110,20,22,236,16,2,0
75,11,3,11,1,10,3,False,PPPPPPPPPP,0,,1110,20,22,236,16,2,0
75,11,3,44,1,10,4,False,PPPPPPPPPP,0,8;98;1088,1110,20,22,236,16,2,0
79,11,2,3;6;28;29;34;43;47;60;63;70;75;77,12,78,4,False,PPPPPPPPPP,0,,100,39,22,429,1,1,0
79,11,2,12;14;15;17;27;33;41;57;58;61;69;71,12,26,4,False,PPPPPPPPPP,0,,100,39,22,429,1,1,0
79,11,2,7;30;35;37;39;48;53;54;59;66;68;74,12,78,28,False,PPPPPPPPPP,0,,100,39,22,429,1,1,0
79,11,2,24;56,2,6,4,False,PPPPPPPPPP,0,,100,39,22,429,1,1,0
79,11,2,78,1,2,0,True,AAPPPPPPPP,2,0;10;20,100,39,22,429,1,1,0
79,11,3,3;6;28;29;34;43;47;60;63;70;75;77,12,78,4,False,PPPPPPPPPP,0,,1110,39,22,429,1,1,0
79,11,3,12;14;15;17;27;33;41;57;58;61;69;71,12,26,4,False,PPPPPPPPPP,0,,1110,39,22,429,1,1,0
79,11,3,7;30;35;37;39;48;53;54;59;66;68;74,12,78,28,False,PPPPPPPPPP,0,,1110,39,22,429,1,1,0
79,11,3,24;56,2,6,4,False,PPPPPPPPPP,0,,1110,39,22,429,1,1,0
79,11,3,78,1,2,0,True,AAPPPPPPPP,2,0;10;20;120;230,1110,39,22,429,1,1,0
81,11,2,2;5;11;14;20;23;29;32;38;41;47;50;56;59;65;68;74;77,18,54,1,False,PPPPPPPPPP,0,,100,27,11,295,0,0,0
81,11,3,2;5;11;14;20;23;29;32;38;41;47;50;56;59;65;68;74;77,18,54,1,False,PPPPPPPPPP,0,,1110,27,11,295,0,0,0
83,11,2,2;5;6;8;13;14;15;18;19;20;22;24;32;34;35;39;42;43;45;46;47;50;52;53;54;55;56;57;58;60;62;66;67;71;72;73;74;76;79;80,40,82,1,False,PPPPPPPPPP,0,,100,41,11,449,0,0,0
83,11,2,82,1,2,1,True,APPPPPPPPP,1,10,100,41,11,449,0,0,0
83,11,3,2;5;6;8;13;14;15;18;19;20;22;24;32;34;35;39;42;43;45;46;47;50;52;53;54;55;56;57;58;60;62;66;67;71;72;73;74;76;79;80,40,82,1,False,PPPPPPPPPP,0,,1110,41,11,449,0,0,0
83,11,3,82,1,2,1,True,APPPPPPPPP,1,10;120,1110,41,11,449,0,0,0
85,11,2,14;24;44;54,4,16,6,False,PPPPPPPPPP,0,,100,32,22,364,10,4,0
85,11,2,77;83,2,8,0,False,APPPPPPPPP,1,0;10,100,32,22,364,10,4,0
85,11,2,32;43,2,8,4,False,PPPPPPPPPP,0,4;54,100,32,22,364,10,4,0
85,11,2,38;47,2,4,3,False,PPPPPPPPPP,0,,100,32,22,364,10,4,0
85,11,2,13;72,2,4,1,False,PPPPPPPPPP,0,,100,32,22,364,10,4,0
85,11,2,29;39;74;79,4,16,14,False,PPPPPPPPPP,0,,100,32,22,364,10,4,0
85,11,2,33;67,2,4,1,False,PPPPPPPPPP,0,,100,32,22,364,10,4,0
85,11,2,42;53,2,8,0,False,APPPPPPPPP,1,0;10,100,32,22,364,10,4,0
85,11,2,2;8,2,8,4,False,PPPPPPPPPP,0,,100,32,22,364,10,4,0
85,11,3,14;24;44;54,4,16,6,False,PPPPPPPPPP,0,,1110,32,22,364,10,4,0
85,11,3,77;83,2,8,0,False,APPPPPPPPP,1,0;10;120,1110,32,22,364,10,4,0
85,11,3,32;43,2,8,4,False,PPPPPPPPPP,0,4;54;604,1110,32,22,364,10,4,0
85,11,3,38;47,2,4,3,False,PPPPPPPPPP,0,,1110,32,22,364,10,4,0
85,11,3,13;72,2,4,1,False,PPPPPPPPPP,0,,1110,32,22,364,10,4,0
85,11,3,29;39;74;79,4,16,14,False,PPPPPPPPPP,0,,1110,32,22,364,10,4,0
85,11,3,33;67,2,4,1,False,PPPPPPPPPP,0,,1110,32,22,364,10,4,0
85,11,3,42;53,2,8,0,False,APPPPPPPPP,1,0;10;120,1110,32,22,364,10,4,0
85,11,3,2;8,2,8,4,False,PPPPPPPPPP,0,,1110,32,22,364,10,4,0
87,11,2,5;62;71,3,14,8,False,PPPPPPPPPP,0,,100,28,22,310,3,1,0
87,11,2,53;74;83,3,14,9,False,PPPPPPPPPP,0,,100,28,22,310,3,1,0
87,11,2,35;38;80,3,14,10,False,PPPPPPPPPP,0,,100,28,22,310,3,1,0
87,11,2,20;23;65,3,14,13,False,PPPPPPPPPP,0,,100,28,22,310,3,1,0
87,11,2,86,1,2,0,True,AAPPPPPPPP,2,0;10;20,100,28,22,310,3,1,0
87,11,3,5;62;71,3,14,8,False,PPPPPPPPPP,0,,1110,28,22,310,3,1,0
87,11,3,53;74;83,3,14,9,False,PPPPPPPPPP,0,,1110,28,22,310,3,1,0
87,11,3,35;38;80,3,14,10,False,PPPPPPPPPP,0,,1110,28,22,310,3,1,0
87,11,3,20;23;65,3,14,13,False,PPPPPPPPPP,0,,1110,28,22,310,3,1,0
87,11,3,86,1,2,0,True,AAPPPPPPPP,2,0;10;20;120;230,1110,28,22,310,3,1,0
91,11,2,2;46,2,12,9,False,PPPPPPPPPP,0,,100,36,22,406,9,3,0
91,11,2,67;72,2,12,5,False,PPPPPPPPPP,0,,100,36,22,406,9,3,0
91,11,2,17;75,2,6,3,False,PPPPPPPPPP,0,,100,36,22,406,9,3,0
91,11,2,62;69,2,6,1,False,PPPPPPPPPP,0,,100,36,22,406,9,3,0
91,11,2,10;82,2,6,5,False,PPPPPPPPPP,0,,100,36,22,406,9,3,0
91,11,2,18;86,2,12,11,False,PPPPPPPPPP,0,,100,36,22,406,9,3,0
91,11,2,44;60,2,12,7,False,PPPPPPPPPP,0,,100,36,22,406,9,3,0
91,11,2,3;61,2,6,4,True,APPPPPPPPP,1,10,100,36,22,406,9,3,0
91,11,2,48;55,2,6,2,False,PPPPPPPPPP,0,,100,36,22,406,9,3,0
91,11,2,68;87,2,6,0,False,APPPPPPPPP,1,0;10,100,36,22,406,9,3,0
91,11,2,11;58,2,12,1,False,PPPPPPPPPP,0,,100,36,22,406,9,3,0
91,11,2,32;37,2,12,9,False,PPPPPPPPPP,0,,100,36,22,406,9,3,0
91,11,2,12;38,2,6,5,False,PPPPPPPPPP,0,,100,36,22,406,9,3,0
91,11,2,90,1,2,1,False,PPPPPPPPPP,0,2;32,100,36,22,406,9,3,0
91,11,3,2;46,2,12,9,False,PPPPPPPPPP,0,,1110,36,22,406,9,3,0
91,11,3,67;72,2,12,5,False,PPPPPPPPPP,0,,1110,36,22,406,9,3,0
91,11,3,17;75,2,6,3,False,PPPPPPPPPP,0,,1110,36,22,406,9,3,0
91,11,3,62;69,2,6,1,False,PPPPPPPPPP,0,,1110,36,22,406,9,3,0
91,11,3,10;82,2,6,5,False,PPPPPPPPPP,0,,1110,36,22,406,9,3,0
91,11,3,18;86,2,12,11,False,PPPPPPPPPP,0,,1110,36,22,406,9,3,0
91,11,3,44;60,2,12,7,False,PPPPPPPPPP,0,,1110,36,22,406,9,3,0
91,11,3,3;61,2,6,4,True,APPPPPPPPP,1,10;120,1110,36,22,406,9,3,0
91,11,3,48;55,2,6,2,False,PPPPPPPPPP,0,,1110,36,22,406,9,3,0
91,11,3,68;87,2,6,0,False,APPPPPPPPP,1,0;10;120,1110,36,22,406,9,3,0
91,11,3,11;58,2,12,1,False,PPPPPPPPPP,0,,1110,36,22,406,9,3,0
91,11,3,32;37,2,12,9,False,PPPPPPPPPP,0,,1110,36,22,406,9,3,0
91,11,3,12;38,2,6,5,False,PPPPPPPPPP,0,,1110,36,22,406,9,3,0
91,11,3,90,1,2,1,False,PPPPPPPPPP,0,2;32;362,1110,36,22,406,9,3,0
93,11,2,14;71,2,30,3,False,PPPPPPPPPP,0,,100,30,22,369,38,3,0
93,11,2,41;50,2,30,21,False,PPPPPPPPPP,0,,100,30,22,369,38,3,0
93,11,2,47,1,10,3,False,PPPPPPPPPP,0,,100,30,22,369,38,3,0
93,11,2,20;38,2,30,27,False,PPPPPPPPPP,0,,100,30,22,369,38,3,0
93,11,2,5;56,2,6,3,False,PPPPPPPPPP,0,,100,30,22,369,38,3,0
93,11,2,8,1,10,1,False,PPPPPPPPPP,0,,100,30,22,369,38,3,0
93,11,2,59;80,2,30,9,False,PPPPPPPPPP,0,,100,30,22,369,38,3,0
93,11,2,35,1,10,9,False,PPPPPPPPPP,0,2;32,100,30,22,369,38,3,0
93,11,2,2,1,10,7,False,PPPPPPPPPP,0,2;32,100,30,22,369,38,3,0
93,11,3,14;71,2,30,3,False,PPPPPPPPPP,0,,1110,30,22,369,38,3,0
93,11,3,41;50,2,30,21,False,PPPPPPPPPP,0,,1110,30,22,369,38,3,0
93,11,3,47,1,10,3,False,PPPPPPPPPP,0,,1110,30,22,369,38,3,0
93,11,3,20;38,2,30,27,False,PPPPPPPPPP,0,,1110,30,22,369,38,3,0
93,11,3,5;56,2,6,3,False,PPPPPPPPPP,0,,1110,30,22,369,38,3,0
93,11,3,8,1,10,1,False,PPPPPPPPPP,0,,1110,30,22,369,38,3,0
93,11,3,59;80,2,30,9,False,PPPPPPPPPP,0,,1110,30,22,369,38,3,0
93,11,3,35,1,10,9,False,PPPPPPPPPP,0,2;32;362,1110,30,22,369,38,3,0
93,11,3,2,1,10,7,False,PPPPPPPPPP,0,2;32;362,1110,30,22,369,38,3,0
95,11,2,14;29;34;59;79;89,6,18,10,False,PPPPPPPPPP,0,,100,36,22,398,3,1,0
95,11,2,42;43;47;73;82;93,6,36,13,False,PPPPPPPPPP,0,,100,36,22,398,3,1,0
95,11,2,17;23;28;62;63;92,6,36,31,False,PPPPPPPPPP,0,,100,36,22,398,3,1,0
95,11,2,69;84,2,6,4,True,APPPPPPPPP,1,10,100,36,22,398,3,1,0
95,11,2,7;68,2,12,7,True,APPPPPPPPP,1,10,100,36,22,398,3,1,0
95,11,2,83;87,2,12,1,True,APPPPPPPPP,1,10,100,36,22,398,3,1,0
95,11,2,94,1,2,0,True,AAPPPPPPPP,2,0;10;20,100,36,22,398,3,1,0
95,11,3,14;29;34;59;79;89,6,18,10,False,PPPPPPPPPP,0,,1110,36,22,398,3,1,0
95,11,3,42;43;47;73;82;93,6,36,13,False,PPPPPPPPPP,0,,1110,36,22,398,3,1,0
95,11,3,17;23;28;62;63;92,6,36,31,False,PPPPPPPPPP,0,,1110,36,22,398,3,1,0
95,11,3,69;84,2,6,4,True,APPPPPPPPP,1,10;120,1110,36,22,398,3,1,0
95,11,3,7;68,2,12,7,True,APPPPPPPPP,1,10;120,1110,36,22,398,3,1,0
95,11,3,83;87,2,12,1,True,APPPPPPPPP,1,10;120,1110,36,22,398,3,1,0
95,11,3,94,1,2,0,True,AAPPPPPPPP,2,0;10;20;120;230,1110,36,22,398,3,1,0
97,11,2,5;10;13;26;71;84;87;92,8,96,34,False,PPPPPPPPPP,0,,100,48,17,528,2,0,0
97,11,2,19;28;30;34;63;67;69;78,8,32,2,False,PPPPPPPPPP,0,,100,48,17,528,2,0,0
97,11,2,7;21;23;40;57;74;76;90,8,96,74,False,PPPPPPPPPP,0,,100,48,17,528,2,0,0
97,11,2,15;29;39;41;56;58;68;82,8,96,58,False,PPPPPPPPPP,0,,100,48,17,528,2,0,0
97,11,2,20;42;45;46;51;52;55;77,8,32,10,False,PPPPPPPPPP,0,,100,48,17,528,2,0,0
97,11,2,14;17;37;38;59;60;80;83,8,96,2,False,PPPPPPPPPP,0,,100,48,17,528,2,0,0
97,11,3,5;10;13;26;71;84;87;92,8,96,34,False,PPPPPPPPPP,0,,1110,48,17,528,2,0,0
97,11,3,19;28;30;34;63;67;69;78,8,32,2,False,PPPPPPPPPP,0,,1110,48,17,528,2,0,0
97,11,3,7;21;23;40;57;74;76;90,8,96,74,False,PPPPPPPPPP,0,,1110,48,17,528,2,0,0
97,11,3,15;29;39;41;56;58;68;82,8,96,58,False,PPPPPPPPPP,0,,1110,48,17,528,2,0,0
97,11,3,20;42;45;46;51;52;55;77,8,32,10,False,PPPPPPPPPP,0,,1110,48,17,528,2,0,0
97,11,3,14;17;37;38;59;60;80;83,8,96,2,False,PPPPPPPPPP,0,,1110,48,17,528,2,0,0
101,11,2,2;12;28;29;34;67;72;73;89;99,10,100,1,False,PPPPPPPPPP,0,,100,50,21,555,7,0,0
101,11,2,8;11;15;35;48;53;66;86;90;93,10,100,3,False,PPPPPPPPPP,0,,100,50,21,555,7,0,0
101,11,2,32;69,2,20,1,False,PPPPPPPPPP,0,,100,50,21,555,7,0,0
101,11,2,26;27;38;40;46;55;61;63;74;75,10,100,7,False,PPPPPPPPPP,0,,100,50,21,555,7,0,0
101,11,2,3;7;18;42;50;51;59;83;94;98,10,100,9,False,PPPPPPPPPP,0,,100,50,21,555,7,0,0
101,11,2,44;57,2,20,3,False,PPPPPPPPPP,0,,100,50,21,555,7,0,0
101,11,2,10;91,2,4,1,False,PPPPPPPPPP,0,,100,50,21,555,7,0,0
101,11,2,39;62,2,20,7,False,PPPPPPPPPP,0,,100,50,21,555,7,0,0
101,11,2,41;60,2,20,9,False,PPPPPPPPPP,0,,100,50,21,555,7,0,0
101,11,3,2;12;28;29;34;67;72;73;89;99,10,100,1,False,PPPPPPPPPP,0,,1110,50,21,555,7,0,0
101,11,3,8;11;15;35;48;53;66;86;90;93,10,100,3,False,PPPPPPPPPP,0,,1110,50,21,555,7,0,0
101,11,3,32;69,2,20,1,False,PPPPPPPPPP,0,,1110,50,21,555,7,0,0
101,11,3,26;27;38;40;46;55;61;63;74;75,10,100,7,False,PPPPPPPPPP,0,,1110,50,21,555,7,0,0
101,11,3,3;7;18;42;50;51;59;83;94;98,10,100,9,False,PPPPPPPPPP,0,,1110,50,21,555,7,0,0
101,11,3,44;57,2,20,3,False,PPPPPPPPPP,0,,1110,50,21,555,7,0,0
101,11,3,10;91,2,4,1,False,PPPPPPPPPP,0,,1110,50,21,555,7,0,0
101,11,3,39;62,2,20,7,False,PPPPPPPPPP,0,,1110,50,21,555,7,0,0
101,11,3,41;60,2,20,9,False,PPPPPPPPPP,0,,1110,50,21,555,7,0,0
103,11,2,5;12;21;35;48;67;70;71;75;77;84;85;86;87;96;101,16,102,44,False,PPPPPPPPPP,0,,100,51,22,561,1,1,0
103,11,2,3;10;22;24;27;31;37;39;42;69;73;80;89;90;94;95,16,34,10,False,PPPPPPPPPP,0,,100,51,22,561,1,1,0
103,11,2,6;11;20;40;43;44;45;51;53;54;62;65;74;78;88;99,16,102,2,False,PPPPPPPPPP,0,,100,51,22,561,1,1,0
103,11,2,47;57,2,6,2,False,PPPPPPPPPP,0,,100,51,22,561,1,1,0
103,11,2,102,1,2,0,False,APPPPPPPPP,1,0;10,100,51,22,561,1,1,0
103,11,3,5;12;21;35;48;67;70;71;75;77;84;85;86;87;96;101,16,102,44,False,PPPPPPPPPP,0,,1110,51,22,561,1,1,0
103,11,3,3;10;22;24;27;31;37;39;42;69;73;80;89;90;94;95,16,34,10,False,PPPPPPPPPP,0,,1110,51,22,561,1,1,0
103,11,3,6;11;20;40;43;44;45;51;53;54;62;65;74;78;88;99,16,102,2,False,PPPPPPPPPP,0,,1110,51,22,561,1,1,0
103,11,3,47;57,2,6,2,False,PPPPPPPPPP,0,,1110,51,22,561,1,1,0
103,11,3,102,1,2,0,False,APPPPPPPPP,1,0;10;120,1110,51,22,561,1,1,0
105,11,2,17;68,2,12,1,False,PPPPPPPPPP,0,,100,24,22,272,8,2,0
105,11,2,38;47,2,12,7,False,PPPPPPPPPP,0,,100,24,22,272,8,2,0
105,11,2,44;74,2,6,4,False,PPPPPPPPPP,0,,100,24,22,272,8,2,0
105,11,2,62;83,2,4,3,False,PPPPPPPPPP,0,,100,24,22,272,8,2,0
105,11,3,17;68,2,12,1,False,PPPPPPPPPP,0,,1110,24,22,272,8,2,0
105,11,3,38;47,2,12,7,False,PPPPPPPPPP,0,,1110,24,22,272,8,2,0
105,11,3,44;74,2,6,4,False,PPPPPPPPPP,0,,1110,24,22,272,8,2,0
105,11,3,62;83,2,4,3,False,PPPPPPPPPP,0,,1110,24,22,272,8,2,0
107,11,2,2;5;7;15;17;20;21;26;43;45;46;50;51;54;55;60;63;66;70;71;72;84;88;91;93;104,26,106,1,False,PPPPPPPPPP,0,,100,53,11,581,0,0,0
107,11,2,6;8;18;22;24;28;31;32;38;58;59;65;67;68;73;74;77;78;80;82;94;95;96;97;98;103,26,106,3,False,PPPPPPPPPP,0,,100,53,11,581,0,0,0
107,11,2,106,1,2,1,True,AAPPPPPPPP,2,10;20,100,53,11,581,0,0,0
107,11,3,2;5;7;15;17;20;21;26;43;45;46;50;51;54;55;60;63;66;70;71;72;84;88;91;93;104,26,106,1,False,PPPPPPPPPP,0,,1110,53,11,581,0,0,0
107,11,3,6;8;18;22;24;28;31;32;38;58;59;65;67;68;73;74;77;78;80;82;94;95;96;97;98;103,26,106,3,False,PPPPPPPPPP,0,,1110,53,11,581,0,0,0
107,11,3,106,1,2,1,True,AAPPPPPPPP,2,10;20;120;230,1110,53,11,581,0,0,0
109,11,2,6;10;11;14;39;51;52;53;59;62;65;67;69;72;79;85;91;96,18,108,57,False,PPPPPPPPPP,0,,100,54,21,596,4,0,0
109,11,2,19;23;32;54;92;107,6,36,21,False,PPPPPPPPPP,0,,100,54,21,596,4,0,0
109,11,2,13;18;24;30;37;40;42;44;47;50;56;57;58;70;95;98;99;103,18,108,69,False,PPPPPPPPPP,0,,100,54,21,596,4,0,0
109,11,2,68;101,2,12,9,False,PPPPPPPPPP,0,,100,54,21,596,4,0,0
109,11,2,2;17;55;77;86;90,6,36,33,False,PPPPPPPPPP,0,,100,54,21,596,4,0,0
109,11,2,33;76,2,4,1,False,PPPPPPPPPP,0,,100,54,21,596,4,0,0
109,11,2,8;41,2,12,9,False,PPPPPPPPPP,0,,100,54,21,596,4,0,0
109,11,3,6;10;11;14;39;51;52;53;59;62;65;67;69;72;79;85;91;96,18,108,57,False,PPPPPPPPPP,0,,1110,54,21,596,4,0,0
109,11,3,19;23;32;54;92;107,6,36,21,False,PPPPPPPPPP,0,,1110,54,21,596,4,0,0
109,11,3,13;18;24;30;37;40;42;44;47;50;56;57;58;70;95;98;99;103,18,108,69,False,PPPPPPPPPP,0,,1110,54,21,596,4,0,0
109,11,3,68;101,2,12,9,False,PPPPPPPPPP,0,,1110,54,21,596,4,0,0
109,11,3,2;17;55;77;86;90,6,36,33,False,PPPPPPPPPP,0,,1110,54,21,596,4,0,0
109,11,3,33;76,2,4,1,False,PPPPPPPPPP,0,,1110,54,21,596,4,0,0
109,11,3,8;41,2,12,9,False,PPPPPPPPPP,0,,1110,54,21,596,4,0,0
111,11,2,41;62;65;77;95;104,6,18,10,False,PPPPPPPPPP,0,,100,36,22,397,2,1,0
111,11,2,44;53;71;83;86;107,6,18,11,False,PPPPPPPPPP,0,,100,36,22,397,2,1,0
111,11,2,11;101,2,6,4,False,PPPPPPPPPP,0,,100,36,22,397,2,1,0
111,11,2,26;47,2,6,5,False,PPPPPPPPPP,0,,100,36,22,397,2,1,0
111,11,2,110,1,2,0,False,APPPPPPPPP,1,0;10,100,36,22,397,2,1,0
111,11,3,41;62;65;77;95;104,6,18,10,False,PPPPPPPPPP,0,,1110,36,22,397,2,1,0
111,11,3,44;53;71;83;86;107,6,18,11,False,PPPPPPPPPP,0,,1110,36,22,397,2,1,0
111,11,3,11;101,2,6,4,False,PPPPPPPPPP,0,,1110,36,22,397,2,1,0
111,11,3,26;47,2,6,5,False,PPPPPPPPPP,0,,1110,36,22,397,2,1,0
111,11,3,110,1,2,0,False,APPPPPPPPP,1,0;10;120,1110,36,22,397,2,1,0
113,11,2,3;12;19;20;21;37;76;92;93;94;101;110,12,112,12,False,PPPPPPPPPP,0,,100,56,17,618,4,0,0
113,11,2,5;23;27;29;33;34;79;80;84;86;90;108,12,112,36,False,PPPPPPPPPP,0,,100,56,17,618,4,0,0
113,11,2,6;17;38;43;47;55;58;66;70;75;96;107,12,112,60,False,PPPPPPPPPP,0,,100,56,17,618,4,0,0
113,11,2,40;42;71;73,4,16,12,False,PPPPPPPPPP,0,,100,56,17,618,4,0,0
113,11,2,10;24;39;45;46;54;59;67;68;74;89;103,12,112,68,False,PPPPPPPPPP,0,,100,56,17,618,4,0,0
113,11,2,35;48;65;78,4,16,12,False,PPPPPPPPPP,0,,100,56,17,618,4,0,0
113,11,3,3;12;19;20;21;37;76;92;93;94;101;110,12,112,12,False,PPPPPPPPPP,0,,1110,56,17,618,4,0,0
113,11,3,5;23;27;29;33;34;79;80;84;86;90;108,12,112,36,False,PPPPPPPPPP,0,,1110,56,17,618,4,0,0
113,11,3,6;17;38;43;47;55;58;66;70;75;96;107,12,112,60,False,PPPPPPPPPP,0,,1110,56,17,618,4,0,0
113,11,3,40;42;71;73,4,16,12,False,PPPPPPPPPP,0,,1110,56,17,618,4,0,0
113,11,3,10;24;39;45;46;54;59;67;68;74;89;103,12,112,68,False,PPPPPPPPPP,0,,1110,56,17,618,4,0,0
113,11,3,35;48;65;78,4,16,12,False,PPPPPPPPPP,0,,1110,56,17,618,4,0,0
117,11,2,7;67,2,12,5,False,PPPPPPPPPP,0,,100,36,22,406,9,3,0
117,11,2,85;106,2,12,9,False,PPPPPPPPPP,0,,100,36,22,406,9,3,0
117,11,2,23;56,2,6,2,False,PPPPPPPPPP,0,,100,36,22,406,9,3,0
117,11,2,95;101,2,6,0,True,AAPPPPPPPP,2,0;10;20,100,36,22,406,9,3,0
117,11,2,70;112,2,12,7,False,PPPPPPPPPP,0,,100,36,22,406,9,3,0
117,11,2,31;34,2,12,11,False,PPPPPPPPPP,0,,100,36,22,406,9,3,0
117,11,2,29;113,2,6,3,False,PPPPPPPPPP,0,,100,36,22,406,9,3,0
117,11,2,68;74,2,6,1,False,PPPPPPPPPP,0,,100,36,22,406,9,3,0
117,11,2,58;115,2,12,9,False,PPPPPPPPPP,0,,100,36,22,406,9,3,0
117,11,2,76;97,2,12,1,False,PPPPPPPPPP,0,,100,36,22,406,9,3,0
117,11,2,38;77,2,6,4,False,PPPPPPPPPP,0,,100,36,22,406,9,3,0
117,11,3,7;67,2,12,5,False,PPPPPPPPPP,0,,1110,36,22,406,9,3,0
117,11,3,85;106,2,12,9,False,PPPPPPPPPP,0,,1110,36,22,406,9,3,0
117,11,3,23;56,2,6,2,False,PPPPPPPPPP,0,,1110,36,22,406,9,3,0
117,11,3,95;101,2,6,0,True,AAPPPPPPPP,2,0;10;20;120;230,1110,36,22,406,9,3,0
117,11,3,70;112,2,12,7,False,PPPPPPPPPP,0,,1110,36,22,406,9,3,0
117,11,3,31;34,2,12,11,False,PPPPPPPPPP,0,,1110,36,22,406,9,3,0
117,11,3,29;113,2,6,3,False,PPPPPPPPPP,0,,1110,36,22,406,9,3,0
117,11,3,68;74,2,6,1,False,PPPPPPPPPP,0,,1110,36,22,406,9,3,0
117,11,3,58;115,2,12,9,False,PPPPPPPPPP,0,,1110,36,22,406,9,3,0
117,11,3,76;97,2,12,1,False,PPPPPPPPPP,0,,1110,36,22,406,9,3,0
117,11,3,38;77,2,6,4,False,PPPPPPPPPP,0,,1110,36,22,406,9,3,0
119,11,2,37;65;95;109,4,48,26,False,PPPPPPPPPP,0,,100,48,22,532,4,2,0
119,11,2,44;58;88;116,4,48,10,False,PPPPPPPPPP,0,,100,48,22,532,4,2,0
119,11,2,94;117,2,24,2,False,PPPPPPPPPP,0,,100,48,22,532,4,2,0
119,11,2,83;111,2,8,6,False,PPPPPPPPPP,0,,100,48,22,532,4,2,0
119,11,2,26;66,2,24,10,False,PPPPPPPPPP,0,,100,48,22,532,4,2,0
119,11,2,89;115,2,12,10,False,PPPPPPPPPP,0,,100,48,22,532,4,2,0
119,11,2,13;55,2,4,2,False,PPPPPPPPPP,0,,100,48,22,532,4,2,0
119,11,2,38;47,2,12,2,False,PPPPPPPPPP,0,,100,48,22,532,4,2,0
119,11,2,11;74;107;114,4,48,2,False,PPPPPPPPPP,0,,100,48,22,532,4,2,0
119,11,2,23;39;46;79,4,48,34,False,PPPPPPPPPP,0,,100,48,22,532,4,2,0
119,11,2,33;101,2,6,2,False,PPPPPPPPPP,0,,100,48,22,532,4,2,0
119,11,2,118,1,2,0,False,APPPPPPPPP,1,0;10,100,48,22,532,4,2,0
119,11,2,19;59,2,24,2,False,PPPPPPPPPP,0,,100,48,22,532,4,2,0
119,11,2,76;104,2,8,6,False,PPPPPPPPPP,0,,100,48,22,532,4,2,0
119,11,2,87;110,2,24,10,False,PPPPPPPPPP,0,,100,48,22,532,4,2,0
119,11,3,37;65;95;109,4,48,26,False,PPPPPPPPPP,0,,1110,48,22,532,4,2,0
119,11,3,44;58;88;116,4,48,10,False,PPPPPPPPPP,0,,1110,48,22,532,4,2,0
119,11,3,94;117,2,24,2,False,PPPPPPPPPP,0,,1110,48,22,532,4,2,0
119,11,3,83;111,2,8,6,False,PPPPPPPPPP,0,,1110,48,22,532,4,2,0
119,11,3,26;66,2,24,10,False,PPPPPPPPPP,0,,1110,48,22,532,4,2,0
119,11,3,89;115,2,12,10,False,PPPPPPPPPP,0,,1110,48,22,532,4,2,0
119,11,3,13;55,2,4,2,False,PPPPPPPPPP,0,,1110,48,22,532,4,2,0
119,11,3,38;47,2,12,2,False,PPPPPPPPPP,0,,1110,48,22,532,4,2,0
119,11,3,11;74;107;114,4,48,2,False,PPPPPPPPPP,0,,1110,48,22,532,4,2,0
119,11,3,23;39;46;79,4,48,34,False,PPPPPPPPPP,0,,1110,48,22,532,4,2,0
119,11,3,33;101,2,6,2,False,PPPPPPPPPP,0,,1110,48,22,532,4,2,0
119,11,3,118,1,2,0,False,APPPPPPPPP,1,0;10;120,1110,48,22,532,4,2,0
119,11,3,19;59,2,24,2,False,PPPPPPPPPP,0,,1110,48,22,532,4,2,0
119,11,3,76;104,2,8,6,False,PPPPPPPPPP,0,,1110,48,22,532,4,2,0
119,11,3,87;110,2,24,10,False,PPPPPPPPPP,0,,1110,48,22,532,4,2,0
123,11,2,5;77,2,20,16,False,PPPPPPPPPP,0,6;76,100,40,22,475,33,4,0
123,11,2,107,1,10,1,False,PPPPPPPPPP,0,,100,40,22,475,33,4,0
123,11,2,2;80,2,20,8,False,PPPPPPPPPP,0,8;98,100,40,22,475,33,4,0
123,11,2,92,1,10,7,False,PPPPPPPPPP,0,,100,40,22,475,33,4,0
123,11,2,32;50,2,4,0,False,APPPPPPPPP,1,0;10,100,40,22,475,33,4,0
123,11,2,86,1,10,3,False,PPPPPPPPPP,0,,100,40,22,475,33,4,0
123,11,2,20;62,2,20,12,False,PPPPPPPPPP,0,2;32,100,40,22,475,33,4,0
123,11,2,59,1,10,9,False,PPPPPPPPPP,0,8;98,100,40,22,475,33,4,0
123,11,2,8;74,2,20,4,False,PPPPPPPPPP,0,4;54,100,40,22,475,33,4,0
123,11,2,122,1,2,1,True,APPPPPPPPP,1,8;10;98,100,40,22,475,33,4,0
123,11,2,98,1,10,1,False,PPPPPPPPPP,0,,100,40,22,475,33,4,0
123,11,2,113,1,10,7,False,PPPPPPPPPP,0,,100,40,22,475,33,4,0
123,11,2,119,1,10,3,False,PPPPPPPPPP,0,,100,40,22,475,33,4,0
123,11,2,23,1,10,9,False,PPPPPPPPPP,0,8;98,100,40,22,475,33,4,0
123,11,3,5;77,2,20,16,False,PPPPPPPPPP,0,6;76;846,1110,40,22,475,33,4,0
123,11,3,107,1,10,1,False,PPPPPPPPPP,0,,1110,40,22,475,33,4,0
123,11,3,2;80,2,20,8,False,PPPPPPPPPP,0,8;98;1088,1110,40,22,475,33,4,0
123,11,3,92,1,10,7,False,PPPPPPPPPP,0,,1110,40,22,475,33,4,0
123,11,3,32;50,2,4,0,False,APPPPPPPPP,1,0;10;120,1110,40,22,475,33,4,0
123,11,3,86,1,10,3,False,PPPPPPPPPP,0,,1110,40,22,475,33,4,0
123,11,3,20;62,2,20,12,False,PPPPPPPPPP,0,2;32;362,1110,40,22,475,33,4,0
123,11,3,59,1,10,9,False,PPPPPPPPPP,0,8;98;1088,1110,40,22,475,33,4,0
123,11,3,8;74,2,20,4,False,PPPPPPPPPP,0,4;54;604,1110,40,22,475,33,4,0
123,11,3,122,1,2,1,True,APPPPPPPPP,1,8;10;98;120;1088,1110,40,22,475,33,4,0
123,11,3,98,1,10,1,False,PPPPPPPPPP,0,,1110,40,22,475,33,4,0
123,11,3,113,1,10,7,False,PPPPPPPPPP,0,,1110,40,22,475,33,4,0
123,11,3,119,1,10,3,False,PPPPPPPPPP,0,,1110,40,22,475,33,4,0
123,11,3,23,1,10,9,False,PPPPPPPPPP,0,8;98;1088,1110,40,22,475,33,4,0
125,11,2,2;23;27;48;52;73;77;98;102;123,10,100,1,False,PPPPPPPPPP,0,,100,50,21,556,8,0,0
125,11,2,8;17;33;42;58;67;83;92;108;117,10,100,3,False,PPPPPPPPPP,0,,100,50,21,556,8,0,0
125,11,2,3;22;28;47;53;72;78;97;103;122,10,100,7,False,PPPPPPPPPP,0,,100,50,21,556,8,0,0
125,11,2,12;13;37;38;62;63;87;88;112;113,10,100,9,False,PPPPPPPPPP,0,,100,50,21,556,8,0,0
125,11,3,2;23;27;48;52;73;77;98;102;123,10,100,1,False,PPPPPPPPPP,0,,1110,50,21,556,8,0,0
125,11,3,8;17;33;42;58;67;83;92;108;117,10,100,3,False,PPPPPPPPPP,0,,1110,50,21,556,8,0,0
125,11,3,3;22;28;47;53;72;78;97;103;122,10,100,7,False,PPPPPPPPPP,0,,1110,50,21,556,8,0,0
125,11,3,12;13;37;38;62;63;87;88;112;113,10,100,9,False,PPPPPPPPPP,0,,1110,50,21,556,8,0,0
127,11,2,3;23;43;83;109;112,6,126,72,False,PPPPPPPPPP,0,,100,63,22,712,12,9,0
127,11,2,5;10;27;33;54;102,6,42,30,False,PPPPPPPPPP,0,,100,63,22,712,12,9,0
127,11,2,7;65;85;101;110;116,6,126,108,False,PPPPPPPPPP,0,,100,63,22,712,12,9,0
127,11,2,24;28;59;75;90;105,6,18,0,False,APPPPPPPPP,1,0;10,100,63,22,712,12,9,0
127,11,2,111;123;125,3,14,2,False,PPPPPPPPPP,0,,100,63,22,712,12,9,0
127,11,2,6;14;78;86;92;93,6,126,54,False,PPPPPPPPPP,0,,100,63,22,712,12,9,0
127,11,2,40;51;66;77;80;89,6,42,24,False,PPPPPPPPPP,0,,100,63,22,712,12,9,0
127,11,2,12;45;58;91;97;114,6,126,108,False,PPPPPPPPPP,0,,100,63,22,712,12,9,0
127,11,2,20;108,2,6,0,False,APPPPPPPPP,1,0;10,100,63,22,712,12,9,0
127,11,2,63;95;119,3,14,6,False,PPPPPPPPPP,0,,100,63,22,712,12,9,0
127,11,2,39;46;48;53;55;67,6,126,72,False,PPPPPPPPPP,0,,100,63,22,712,12,9,0
127,11,2,29;56;57;96;106;118,6,126,36,False,PPPPPPPPPP,0,,100,63,22,712,12,9,0
127,11,2,126,1,2,0,True,AAAPPPPPPP,3,0;6;10;20;30;76,100,63,22,712,12,9,0
127,11,3,3;23;43;83;109;112,6,126,72,False,PPPPPPPPPP,0,,1110,63,22,712,12,9,0
127,11,3,5;10;27;33;54;102,6,42,30,False,PPPPPPPPPP,0,,1110,63,22,712,12,9,0
127,11,3,7;65;85;101;110;116,6,126,108,False,PPPPPPPPPP,0,,1110,63,22,712,12,9,0
127,11,3,24;28;59;75;90;105,6,18,0,False,APPPPPPPPP,1,0;10;120,1110,63,22,712,12,9,0
127,11,3,111;123;125,3,14,2,False,PPPPPPPPPP,0,,1110,63,22,712,12,9,0
127,11,3,6;14;78;86;92;93,6,126,54,False,PPPPPPPPPP,0,,1110,63,22,712,12,9,0
127,11,3,40;51;66;77;80;89,6,42,24,False,PPPPPPPPPP,0,,1110,63,22,712,12,9,0
127,11,3,12;45;58;91;97;114,6,126,108,False,PPPPPPPPPP,0,,1110,63,22,712,12,9,0
127,11,3,20;108,2,6,0,False,APPPPPPPPP,1,0;10;120,1110,63,22,712,12,9,0
127,11,3,63;95;119,3,14,6,False,PPPPPPPPPP,0,,1110,63,22,712,12,9,0
127,11,3,39;46;48;53;55;67,6,126,72,False,PPPPPPPPPP,0,,1110,63,22,712,12,9,0
127,11,3,29;56;57;96;106;118,6,126,36,False,PPPPPPPPPP,0,,1110,63,22,712,12,9,0
127,11,3,126,1,2,0,True,AAAPPPPPPP,3,0;6;10;20;30;76;120;230;340;846,1110,63,22,712,12,9,0
129,11,2,23;38;56;68;83;95,6,42,33,False,PPPPPPPPPP,0,,100,42,11,460,0,0,0
129,11,2,41;47;59,3,14,5,False,PPPPPPPPPP,0,,100,42,11,460,0,0,0
129,11,2,14;17;53;74;101;110,6,42,39,False,PPPPPPPPPP,0,,100,42,11,460,0,0,0
129,11,2,92;122,2,6,3,False,PPPPPPPPPP,0,,100,42,11,460,0,0,0
129,11,2,11;35;107,3,14,1,False,PPPPPPPPPP,0,,100,42,11,460,0,0,0
129,11,3,23;38;56;68;83;95,6,42,33,False,PPPPPPPPPP,0,,1110,42,11,460,0,0,0
129,11,3,41;47;59,3,14,5,False,PPPPPPPPPP,0,,1110,42,11,460,0,0,0
129,11,3,14;17;53;74;101;110,6,42,39,False,PPPPPPPPPP,0,,1110,42,11,460,0,0,0
129,11,3,92;122,2,6,3,False,PPPPPPPPPP,0,,1110,42,11,460,0,0,0
129,11,3,11;35;107,3,14,1,False,PPPPPPPPPP,0,,1110,42,11,460,0,0,0
131,11,2,2;29;37;67;83;90;93;95;104;120;124;126,12,130,1,False,PPPPPPPPPP,0,,100,65,19,716,3,0,0
131,11,2,6;8;17;23;50;87;98;103;110;111;116;118,12,130,3,False,PPPPPPPPPP,0,,100,65,19,716,3,0,0
131,11,2,18;19;24;32;47;51;68;69;71;79;86;92,12,26,1,False,PPPPPPPPPP,0,,100,65,19,716,3,0,0
131,11,2,10;14;22;54;57;72;76;82;96;106;127;128,12,130,7,False,PPPPPPPPPP,0,,100,65,19,716,3,0,0
131,11,2,26;30;31;40;56;66;85;88;97;115;119;122,12,130,9,False,PPPPPPPPPP,0,,100,65,19,716,3,0,0
131,11,2,70,1,10,1,False,PPPPPPPPPP,0,,100,65,19,716,3,0,0
131,11,2,42,1,10,3,False,PPPPPPPPPP,0,,100,65,19,716,3,0,0
131,11,2,130,1,2,1,True,APPPPPPPPP,1,4;10;54,100,65,19,716,3,0,0
131,11,2,78,1,10,7,False,PPPPPPPPPP,0,,100,65,19,716,3,0,0
131,11,2,73,1,10,9,False,PPPPPPPPPP,0,,100,65,19,716,3,0,0
131,11,3,2;29;37;67;83;90;93;95;104;120;124;126,12,130,1,False,PPPPPPPPPP,0,,1110,65,19,716,3,0,0
131,11,3,6;8;17;23;50;87;98;103;110;111;116;118,12,130,3,False,PPPPPPPPPP,0,,1110,65,19,716,3,0,0
131,11,3,18;19;24;32;47;51;68;69;71;79;86;92,12,26,1,False,PPPPPPPPPP,0,,1110,65,19,716,3,0,0
131,11,3,10;14;22;54;57;72;76;82;96;106;127;128,12,130,7,False,PPPPPPPPPP,0,,1110,65,19,716,3,0,0
131,11,3,26;30;31;40;56;66;85;88;97;115;119;122,12,130,9,False,PPPPPPPPPP,0,,1110,65,19,716,3,0,0
131,11,3,70,1,10,1,False,PPPPPPPPPP,0,,1110,65,19,716,3,0,0
131,11,3,42,1,10,3,False,PPPPPPPPPP,0,,1110,65,19,716,3,0,0
131,11,3,130,1,2,1,True,APPPPPPPPP,1,4;10;54;120;604,1110,65,19,716,3,0,0
131,11,3,78,1,10,7,False,PPPPPPPPPP,0,,1110,65,19,716,3,0,0
131,11,3,73,1,10,9,False,PPPPPPPPPP,0,,1110,65,19,716,3,0,0
133,11,2,2;32;53;67;79;128,6,18,13,True,APPPPPPPPP,1,10,100,54,22,602,7,3,0
133,11,2,51;60;72;86;109;116,6,18,7,False,PPPPPPPPPP,0,,100,54,22,602,7,3,0
133,11,2,5;54;66;80;101;131,6,18,8,True,APPPPPPPPP,1,10,100,54,22,602,7,3,0
133,11,2,6;55;62;104;111;118,6,18,2,False,PPPPPPPPPP,0,,100,54,22,602,7,3,0
133,11,2,17;24;47;61;73;82,6,18,14,False,PPPPPPPPPP,0,,100,54,22,602,7,3,0
133,11,2,65;88,2,6,5,False,PPPPPPPPPP,0,,100,54,22,602,7,3,0
133,11,2,46;107,2,6,3,False,PPPPPPPPPP,0,,100,54,22,602,7,3,0
133,11,2,45;68,2,6,4,False,PPPPPPPPPP,0,,100,54,22,602,7,3,0
133,11,2,83;125,2,6,2,True,APPPPPPPPP,1,10,100,54,22,602,7,3,0
133,11,2,26;87,2,6,0,False,APPPPPPPPP,1,0;10,100,54,22,602,7,3,0
133,11,2,18;37,2,6,1,False,PPPPPPPPPP,0,,100,54,22,602,7,3,0
133,11,3,2;32;53;67;79;128,6,18,13,True,APPPPPPPPP,1,10;120,1110,54,22,602,7,3,0
133,11,3,51;60;72;86;109;116,6,18,7,False,PPPPPPPPPP,0,,1110,54,22,602,7,3,0
133,11,3,5;54;66;80;101;131,6,18,8,True,APPPPPPPPP,1,10;120,1110,54,22,602,7,3,0
133,11,3,6;55;62;104;111;118,6,18,2,False,PPPPPPPPPP,0,,1110,54,22,602,7,3,0
133,11,3,17;24;47;61;73;82,6,18,14,False,PPPPPPPPPP,0,,1110,54,22,602,7,3,0
133,11,3,65;88,2,6,5,False,PPPPPPPPPP,0,,1110,54,22,602,7,3,0
133,11,3,46;107,2,6,3,False,PPPPPPPPPP,0,,1110,54,22,602,7,3,0
133,11,3,45;68,2,6,4,False,PPPPPPPPPP,0,,1110,54,22,602,7,3,0
133,11,3,83;125,2,6,2,True,APPPPPPPPP,1,10;120,1110,54,22,602,7,3,0
133,11,3,26;87,2,6,0,False,APPPPPPPPP,1,0;10;120,1110,54,22,602,7,3,0
133,11,3,18;37,2,6,1,False,PPPPPPPPPP,0,,1110,54,22,602,7,3,0
135,11,2,22;43;67;88;112;133,6,36,13,False,PPPPPPPPPP,0,,100,36,22,400,5,1,0
135,11,2,7;13;52;58;97;103,6,36,17,False,PPPPPPPPPP,0,,100,36,22,400,5,1,0
135,11,2,14;29;59;74;104;119,6,18,10,False,PPPPPPPPPP,0,,100,36,22,400,5,1,0
135,11,3,22;43;67;88;112;133,6,36,13,False,PPPPPPPPPP,0,,1110,36,22,400,5,1,0
135,11,3,7;13;52;58;97;103,6,36,17,False,PPPPPPPPPP,0,,1110,36,22,400,5,1,0
135,11,3,14;29;59;74;104;119,6,18,10,False,PPPPPPPPPP,0,,1110,36,22,400,5,1,0
137,11,2,3;5;6;13;27;29;53;79;83;86;92;95;102;113;117;125,16,136,10,False,PPPPPPPPPP,0,,100,68,17,748,2,0,0
137,11,2,23;46;52;55;57;66;70;75;89;90;94;97;104;106;111;116,16,136,50,False,PPPPPPPPPP,0,,100,68,17,748,2,0,0
137,11,2,12;20;24;35;42;45;51;54;58;84;108;110;124;131;132;134,16,136,70,False,PPPPPPPPPP,0,,100,68,17,748,2,0,0
137,11,2,96;127,2,8,2,False,PPPPPPPPPP,0,,100,68,17,748,2,0,0
137,11,2,21;26;31;33;40;43;47;48;62;67;71;80;82;85;91;114,16,136,54,False,PPPPPPPPPP,0,,100,68,17,748,2,0,0
137,11,2,10;41,2,8,2,False,PPPPPPPPPP,0,,100,68,17,748,2,0,0
137,11,3,3;5;6;13;27;29;53;79;83;86;92;95;102;113;117;125,16,136,10,False,PPPPPPPPPP,0,,1110,68,17,748,2,0,0
137,11,3,23;46;52;55;57;66;70;75;89;90;94;97;104;106;111;116,16,136,50,False,PPPPPPPPPP,0,,1110,68,17,748,2,0,0
137,11,3,12;20;24;35;42;45;51;54;58;84;108;110;124;131;132;134,16,136,70,False,PPPPPPPPPP,0,,1110,68,17,748,2,0,0
137,11,3,96;127,2,8,2,False,PPPPPPPPPP,0,,1110,68,17,748,2,0,0
137,11,3,21;26;31;33;40;43;47;48;62;67;71;80;82;85;91;114,16,136,54,False,PPPPPPPPPP,0,,1110,68,17,748,2,0,0
137,11,3,10;41,2,8,2,False,PPPPPPPPPP,0,,1110,68,17,748,2,0,0
139,11,2,2;15;17;18;26;32;40;56;70;72;73;85;90;102;108;110;111;115;123;126;130;134,22,138,1,False,PPPPPPPPPP,0,,100,69,20,758,1,0,0
139,11,2,8;10;14;23;27;33;39;48;59;60;62;74;75;76;82;84;87;94;95;103;105;133,22,46,1,False,PPPPPPPPPP,0,,100,69,20,758,1,0,0
139,11,2,3;12;19;21;22;50;53;58;61;68;88;92;93;98;101;104;109;114;119;128;132;135,22,138,7,False,PPPPPPPPPP,0,,100,69,20,758,1,0,0
139,11,2,43;97,2,6,1,False,PPPPPPPPPP,0,,100,69,20,758,1,0,0
139,11,2,138,1,2,1,True,APPPPPPPPP,1,8;10;98,100,69,20,758,1,0,0
139,11,3,2;15;17;18;26;32;40;56;70;72;73;85;90;102;108;110;111;115;123;126;130;134,22,138,1,False,PPPPPPPPPP,0,,1110,69,20,758,1,0,0
139,11,3,8;10;14;23;27;33;39;48;59;60;62;74;75;76;82;84;87;94;95;103;105;133,22,46,1,False,PPPPPPPPPP,0,,1110,69,20,758,1,0,0
139,11,3,3;12;19;21;22;50;53;58;61;68;88;92;93;98;101;104;109;114;119;128;132;135,22,138,7,False,PPPPPPPPPP,0,,1110,69,20,758,1,0,0
139,11,3,43;97,2,6,1,False,PPPPPPPPPP,0,,1110,69,20,758,1,0,0
139,11,3,138,1,2,1,True,APPPPPPPPP,1,8;10;98;120;1088,1110,69,20,758,1,0,0
141,11,2,2;8;14;17;32;50;53;56;59;65;68;71;74;83;89;98;101;110;119;122;128;131,22,46,13,False,PPPPPPPPPP,0,,100,46,22,508,3,1,0
141,11,3,2;8;14;17;32;50;53;56;59;65;68;71;74;83;89;98;101;110;119;122;128;131,22,46,13,False,PPPPPPPPPP,0,,1110,46,22,508,3,1,0
145,11,2,19;39;69;89;114;134,6,28,15,False,PPPPPPPPPP,0,,100,56,21,620,6,0,0
145,11,2,13;33;42;62;63;92,6,28,9,False,PPPPPPPPPP,0,,100,56,21,620,6,0,0
145,11,2,14;44;79;84;119;124,6,28,17,False,PPPPPPPPPP,0,,100,56,21,620,6,0,0
145,11,2,53;82;83;103;112;132,6,28,11,False,PPPPPPPPPP,0,,100,56,21,620,6,0,0
145,11,2,22;38;67;93;122;138,6,28,13,False,PPPPPPPPPP,0,,100,56,21,620,6,0,0
145,11,2,99;104,2,4,3,False,PPPPPPPPPP,0,,100,56,21,620,6,0,0
145,11,2,7;23;52;78;107;123,6,28,19,False,PPPPPPPPPP,0,,100,56,21,620,6,0,0
145,11,2,28;57,2,4,3,False,PPPPPPPPPP,0,,100,56,21,620,6,0,0
145,11,3,19;39;69;89;114;134,6,28,15,False,PPPPPPPPPP,0,,1110,56,21,620,6,0,0
145,11,3,13;33;42;62;63;92,6,28,9,False,PPPPPPPPPP,0,,1110,56,21,620,6,0,0
145,11,3,14;44;79;84;119;124,6,28,17,False,PPPPPPPPPP,0,,1110,56,21,620,6,0,0
145,11,3,53;82;83;103;112;132,6,28,11,False,PPPPPPPPPP,0,,1110,56,21,620,6,0,0
145,11,3,22;38;67;93;122;138,6,28,13,False,PPPPPPPPPP,0,,1110,56,21,620,6,0,0
145,11,3,99;104,2,4,3,False,PPPPPPPPPP,0,,1110,56,21,620,6,0,0
145,11,3,7;23;52;78;107;123,6,28,19,False,PPPPPPPPPP,0,,1110,56,21,620,6,0,0
145,11,3,28;57,2,4,3,False,PPPPPPPPPP,0,,1110,56,21,620,6,0,0
147,11,2,32;44;74;86;95;107,6,42,31,False,PPPPPPPPPP,0,,100,42,22,464,3,1,0
147,11,2,71;92;134,3,14,3,False,PPPPPPPPPP,0,,100,42,22,464,3,1,0
147,11,2,2;11;23;53;65;137,6,42,29,False,PPPPPPPPPP,0,,100,42,22,464,3,1,0
147,11,2,8;29;113,3,14,9,False,PPPPPPPPPP,0,,100,42,22,464,3,1,0
147,11,3,32;44;74;86;95;107,6,42,31,False,PPPPPPPPPP,0,,1110,42,22,464,3,1,0
147,11,3,71;92;134,3,14,3,False,PPPPPPPPPP,0,,1110,42,22,464,3,1,0
147,11,3,2;11;23;53;65;137,6,42,29,False,PPPPPPPPPP,0,,1110,42,22,464,3,1,0
147,11,3,8;29;113,3,14,9,False,PPPPPPPPPP,0,,1110,42,22,464,3,1,0
149,11,2,2;18;58;75;98;111,6,148,1,False,PPPPPPPPPP,0,,100,74,17,813,1,0,0
149,11,2,8;21;56;71;108;109,6,148,3,False,PPPPPPPPPP,0,,100,74,17,813,1,0,0
149,11,2,14;32;43;52;99;146,6,148,5,False,PPPPPPPPPP,0,,100,74,17,813,1,0,0
149,11,2,40;41;78;93;128;141,6,148,7,False,PPPPPPPPPP,0,,100,74,17,813,1,0,0
149,11,2,13;23;65;66;70;94,6,148,9,False,PPPPPPPPPP,0,,100,74,17,813,1,0,0
149,11,2,11;62;90;101;122;137,6,148,15,False,PPPPPPPPPP,0,,100,74,17,813,1,0,0
149,11,2,3;50;97;106;117;135,6,148,19,False,PPPPPPPPPP,0,,100,74,17,813,1,0,0
149,11,2,55;79;83;84;126;136,6,148,21,False,PPPPPPPPPP,0,,100,74,17,813,1,0,0
149,11,2,10;15;34;57;72;89,6,148,23,False,PPPPPPPPPP,0,,100,74,17,813,1,0,0
149,11,2,60;77;92;115;134;139,6,148,31,False,PPPPPPPPPP,0,,100,74,17,813,1,0,0
149,11,2,12;27;48;59;87;138,6,148,35,False,PPPPPPPPPP,0,,100,74,17,813,1,0,0
149,11,2,44;105,2,4,1,False,PPPPPPPPPP,0,,100,74,17,813,1,0,0
149,11,2,38;51;74;91;131;147,6,148,47,False,PPPPPPPPPP,0,,100,74,17,813,1,0,0
149,11,3,2;18;58;75;98;111,6,148,1,False,PPPPPPPPPP,0,,1110,74,17,813,1,0,0
149,11,3,8;21;56;71;108;109,6,148,3,False,PPPPPPPPPP,0,,1110,74,17,813,1,0,0
149,11,3,14;32;43;52;99;146,6,148,5,False,PPPPPPPPPP,0,,1110,74,17,813,1,0,0
149,11,3,40;41;78;93;128;141,6,148,7,False,PPPPPPPPPP,0,,1110,74,17,813,1,0,0
149,11,3,13;23;65;66;70;94,6,148,9,False,PPPPPPPPPP,0,,1110,74,17,813,1,0,0
149,11,3,11;62;90;101;122;137,6,148,15,False,PPPPPPPPPP,0,,1110,74,17,813,1,0,0
149,11,3,3;50;97;106;117;135,6,148,19,False,PPPPPPPPPP,0,,1110,74,17,813,1,0,0
149,11,3,55;79;83;84;126;136,6,148,21,False,PPPPPPPPPP,0,,1110,74,17,813,1,0,0
149,11,3,10;15;34;57;72;89,6,148,23,False,PPPPPPPPPP,0,,1110,74,17,813,1,0,0
149,11,3,60;77;92;115;134;139,6,148,31,False,PPPPPPPPPP,0,,1110,74,17,813,1,0,0
149,11,3,12;27;48;59;87;138,6,148,35,False,PPPPPPPPPP,0,,1110,74,17,813,1,0,0
149,11,3,44;105,2,4,1,False,PPPPPPPPPP,0,,1110,74,17,813,1,0,0
149,11,3,38;51;74;91;131;147,6,148,47,False,PPPPPPPPPP,0,,1110,74,17,813,1,0,0
3,13,2,2,1,2,1,True,AAPPPPPPPPPP,2,6;12;24;90,144,1,20,12,1,0,0
3,13,3,2,1,2,1,True,AAPPPPPPPPPP,2,6;12;24;90;168;324;1182,1884,1,20,12,1,0,0
5,13,2,2,1,4,1,False,PPPPPPPPPPPP,0,,144,2,13,24,0,0,0
5,13,2,3,1,4,3,False,PPPPPPPPPPPP,0,,144,2,13,24,0,0,0
5,13,3,2,1,4,1,False,PPPPPPPPPPPP,0,,1884,2,13,24,0,0,0
5,13,3,3,1,4,3,False,PPPPPPPPPPPP,0,,1884,2,13,24,0,0,0
7,13,2,3,1,6,2,False,PPPPPPPPPPPP,0,4;16;28;64,144,3,26,41,3,1,0
7,13,2,6,1,2,0,False,APPPPPPPPPPP,1,0;12,144,3,26,41,3,1,0
7,13,2,5,1,6,4,False,PPPPPPPPPPPP,0,8;116,144,3,26,41,3,1,0
7,13,3,3,1,6,2,False,PPPPPPPPPPPP,0,4;16;28;64;220;376;844,1884,3,26,41,3,1,0
7,13,3,6,1,2,0,False,APPPPPPPPPPP,1,0;12;168,1884,3,26,41,3,1,0
7,13,3,5,1,6,4,False,PPPPPPPPPPPP,0,8;116;1520,1884,3,26,41,3,1,0
9,13,2,2,1,6,1,False,PPPPPPPPPPPP,0,2;14;38,144,3,24,40,3,0,0
9,13,2,5,1,6,5,False,PPPPPPPPPPPP,0,10;142,144,3,24,40,3,0,0
9,13,3,2,1,6,1,False,PPPPPPPPPPPP,0,2;14;38;194;506,1884,3,24,40,3,0,0
9,13,3,5,1,6,5,False,PPPPPPPPPPPP,0,10;142;1858,1884,3,24,40,3,0,0
11,13,2,2;6;7;8,4,10,1,False,PPPPPPPPPPPP,0,,144,5,20,64,1,0,0
11,13,2,10,1,2,1,False,PPPPPPPPPPPP,0,6;90,144,5,20,64,1,0,0
11,13,3,2;6;7;8,4,10,1,False,PPPPPPPPPPPP,0,,1884,5,20,64,1,0,0
11,13,3,10,1,2,1,False,PPPPPPPPPPPP,0,6;90;1182,1884,5,20,64,1,0,0
15,13,2,14,1,2,0,False,APPPPPPPPPPP,1,0;12,144,4,26,56,5,1,0
15,13,3,14,1,2,0,False,APPPPPPPPPPP,1,0;12;168,1884,4,26,56,5,1,0
17,13,2,3;5;12;14,4,16,14,False,PPPPPPPPPPPP,0,,144,8,23,106,4,0,0
17,13,2,6;7;10;11,4,16,10,False,PPPPPPPPPPPP,0,,144,8,23,106,4,0,0
17,13,3,3;5;12;14,4,16,14,False,PPPPPPPPPPPP,0,,1884,8,23,106,4,0,0
17,13,3,6;7;10;11,4,16,10,False,PPPPPPPPPPPP,0,,1884,8,23,106,4,0,0
19,13,2,2;3;14,3,18,1,False,PPPPPPPPPPPP,0,,144,9,24,120,5,0,0
19,13,2,8,1,6,1,False,PPPPPPPPPPPP,0,2;38,144,9,24,120,5,0,0
19,13,2,10;13;15,3,18,5,False,PPPPPPPPPPPP,0,,144,9,24,120,5,0,0
19,13,2,18,1,2,1,False,PPPPPPPPPPPP,0,6;8;90;116,144,9,24,120,5,0,0
19,13,2,12,1,6,5,False,PPPPPPPPPPPP,0,10;142,144,9,24,120,5,0,0
19,13,3,2;3;14,3,18,1,False,PPPPPPPPPPPP,0,,1884,9,24,120,5,0,0
19,13,3,8,1,6,1,False,PPPPPPPPPPPP,0,2;38;506,1884,9,24,120,5,0,0
19,13,3,10;13;15,3,18,5,False,PPPPPPPPPPPP,0,,1884,9,24,120,5,0,0
19,13,3,18,1,2,1,False,PPPPPPPPPPPP,0,6;8;90;116;1182;1520,1884,9,24,120,5,0,0
19,13,3,12,1,6,5,False,PPPPPPPPPPPP,0,10;142;1858,1884,9,24,120,5,0,0
21,13,2,2,1,6,1,True,APPPPPPPPPPP,1,2;12;38,144,6,26,84,7,1,0
21,13,2,11,1,6,5,True,APPPPPPPPPPP,1,10;12;142,144,6,26,84,7,1,0
21,13,3,2,1,6,1,True,APPPPPPPPPPP,1,2;12;38;168;506,1884,6,26,84,7,1,0
21,13,3,11,1,6,5,True,APPPPPPPPPPP,1,10;12;142;168;1858,1884,6,26,84,7,1,0
23,13,2,5;7;10;11;14;15;17;19;20;21,10,22,2,False,PPPPPPPPPPPP,0,,144,11,26,143,1,1,0
23,13,2,22,1,2,0,True,AAPPPPPPPPPP,2,0;12;24,144,11,26,143,1,1,0
23,13,3,5;7;10;11;14;15;17;19;20;21,10,22,2,False,PPPPPPPPPPPP,0,,1884,11,26,143,1,1,0
23,13,3,22,1,2,0,True,AAPPPPPPPPPP,2,0;12;24;168;324,1884,11,26,143,1,1,0
25,13,2,2;12;17;22,4,20,1,False,PPPPPPPPPPPP,0,,144,10,13,128,0,0,0
25,13,2,3;8;13;23,4,20,3,False,PPPPPPPPPPPP,0,,144,10,13,128,0,0,0
25,13,3,2;12;17;22,4,20,1,False,PPPPPPPPPPPP,0,,1884,10,13,128,0,0,0
25,13,3,3;8;13;23,4,20,3,False,PPPPPPPPPPPP,0,,1884,10,13,128,0,0,0
27,13,2,2;11;20,3,18,1,False,PPPPPPPPPPPP,0,,144,9,24,118,3,0,0
27,13,2,5;14;23,3,18,5,False,PPPPPPPPPPPP,0,,144,9,24,118,3,0,0
27,13,3,2;11;20,3,18,1,False,PPPPPPPPPPPP,0,,1884,9,24,118,3,0,0
27,13,3,5;14;23,3,18,5,False,PPPPPPPPPPPP,0,,1884,9,24,118,3,0,0
29,13,2,2;14,2,28,1,False,PPPPPPPPPPPP,0,,144,14,13,180,0,0,0
29,13,2,8;18,2,28,3,False,PPPPPPPPPPPP,0,,144,14,13,180,0,0,0
29,13,2,3;19,2,28,5,False,PPPPPPPPPPPP,0,,144,14,13,180,0,0,0
29,13,2,12,1,4,1,False,PPPPPPPPPPPP,0,,144,14,13,180,0,0,0
29,13,2,15;27,2,28,15,False,PPPPPPPPPPPP,0,,144,14,13,180,0,0,0
29,13,2,11;21,2,28,17,False,PPPPPPPPPPPP,0,,144,14,13,180,0,0,0
29,13,2,10;26,2,28,19,False,PPPPPPPPPPPP,0,,144,14,13,180,0,0,0
29,13,2,17,1,4,3,False,PPPPPPPPPPPP,0,,144,14,13,180,0,0,0
29,13,3,2;14,2,28,1,False,PPPPPPPPPPPP,0,,1884,14,13,180,0,0,0
29,13,3,8;18,2,28,3,False,PPPPPPPPPPPP,0,,1884,14,13,180,0,0,0
29,13,3,3;19,2,28,5,False,PPPPPPPPPPPP,0,,1884,14,13,180,0,0,0
29,13,3,12,1,4,1,False,PPPPPPPPPPPP,0,,1884,14,13,180,0,0,0
29,13,3,15;27,2,28,15,False,PPPPPPPPPPPP,0,,1884,14,13,180,0,0,0
29,13,3,11;21,2,28,17,False,PPPPPPPPPPPP,0,,1884,14,13,180,0,0,0
29,13,3,10;26,2,28,19,False,PPPPPPPPPPPP,0,,1884,14,13,180,0,0,0
29,13,3,17,1,4,3,False,PPPPPPPPPPPP,0,,1884,14,13,180,0,0,0
31,13,2,3;12;17;24,4,30,24,False,PPPPPPPPPPPP,0,,144,15,26,202,6,3,0
31,13,2,15;23;27;29,4,10,4,False,PPPPPPPPPPPP,0,,144,15,26,202,6,3,0
31,13,2,26,1,6,0,False,APPPPPPPPPPP,1,0;2;10;12;38;142,144,15,26,202,6,3,0
31,13,2,11;13;21;22,4,30,24,False,PPPPPPPPPPPP,0,,144,15,26,202,6,3,0
31,13,2,30,1,2,0,False,APPPPPPPPPPP,1,0;12,144,15,26,202,6,3,0
31,13,2,6,1,6,0,False,APPPPPPPPPPP,1,0;12,144,15,26,202,6,3,0
31,13,3,3;12;17;24,4,30,24,False,PPPPPPPPPPPP,0,,1884,15,26,202,6,3,0
31,13,3,15;23;27;29,4,10,4,False,PPPPPPPPPPPP,0,,1884,15,26,202,6,3,0
31,13,3,26,1,6,0,False,APPPPPPPPPPP,1,0;2;10;12;38;142;168;506;1858,1884,15,26,202,6,3,0
31,13,3,11;13;21;22,4,30,24,False,PPPPPPPPPPPP,0,,1884,15,26,202,6,3,0
31,13,3,30,1,2,0,False,APPPPPPPPPPP,1,0;12;168,1884,15,26,202,6,3,0
31,13,3,6,1,6,0,False,APPPPPPPPPPP,1,0;12;168,1884,15,26,202,6,3,0
33,13,2,5;14;20;26,4,10,7,False,PPPPPPPPPPPP,0,,144,10,20,130,2,0,0
33,13,3,5;14;20;26,4,10,7,False,PPPPPPPPPPPP,0,,1884,10,20,130,2,0,0
35,13,2,24,1,6,5,True,APPPPPPPPPPP,1,8;10;12;116;142,144,12,26,175,20,1,0
35,13,2,2,1,12,11,False,PPPPPPPPPPPP,0,,144,12,26,175,20,1,0
35,13,2,23,1,12,5,False,PPPPPPPPPPPP,0,,144,12,26,175,20,1,0
35,13,2,34,1,2,1,True,AAPPPPPPPPPP,2,6;12;24;90,144,12,26,175,20,1,0
35,13,2,32,1,12,7,False,PPPPPPPPPPPP,0,,144,12,26,175,20,1,0
35,13,2,18,1,12,1,False,PPPPPPPPPPPP,0,,144,12,26,175,20,1,0
35,13,2,19,1,6,1,True,APPPPPPPPPPP,1,2;10;12;22;38;142,144,12,26,175,20,1,0
35,13,3,24,1,6,5,True,APPPPPPPPPPP,1,8;10;12;116;142;168;1520;1858,1884,12,26,175,20,1,0
35,13,3,2,1,12,11,False,PPPPPPPPPPPP,0,,1884,12,26,175,20,1,0
35,13,3,23,1,12,5,False,PPPPPPPPPPPP,0,,1884,12,26,175,20,1,0
35,13,3,34,1,2,1,True,AAPPPPPPPPPP,2,6;12;24;90;168;324;1182,1884,12,26,175,20,1,0
35,13,3,32,1,12,7,False,PPPPPPPPPPPP,0,,1884,12,26,175,20,1,0
35,13,3,18,1,12,1,False,PPPPPPPPPPPP,0,,1884,12,26,175,20,1,0
35,13,3,19,1,6,1,True,APPPPPPPPPPP,1,2;10;12;22;38;142;168;298;506;1858,1884,12,26,175,20,1,0
37,13,2,2;15;20,3,36,1,False,PPPPPPPPPPPP,0,,144,18,20,233,1,0,0
37,13,2,8,1,12,1,False,PPPPPPPPPPPP,0,,144,18,20,233,1,0,0
37,13,2,18;24;32,3,36,5,False,PPPPPPPPPPPP,0,,144,18,20,233,1,0,0
37,13,2,17;22;35,3,36,7,False,PPPPPPPPPPPP,0,,144,18,20,233,1,0,0
37,13,2,31,1,4,1,False,PPPPPPPPPPPP,0,,144,18,20,233,1,0,0
37,13,2,5;13;19,3,36,11,False,PPPPPPPPPPPP,0,,144,18,20,233,1,0,0
37,13,2,23,1,12,5,False,PPPPPPPPPPPP,0,6;90,144,18,20,233,1,0,0
37,13,2,29,1,12,7,False,PPPPPPPPPPPP,0,,144,18,20,233,1,0,0
37,13,2,6,1,4,3,False,PPPPPPPPPPPP,0,,144,18,20,233,1,0,0
37,13,2,14,1,12,11,False,PPPPPPPPPPPP,0,,144,18,20,233,1,0,0
37,13,3,2;15;20,3,36,1,False,PPPPPPPPPPPP,0,,1884,18,20,233,1,0,0
37,13,3,8,1,12,1,False,PPPPPPPPPPPP,0,,1884,18,20,233,1,0,0
37,13,3,18;24;32,3,36,5,False,PPPPPPPPPPPP,0,,1884,18,20,233,1,0,0
37,13,3,17;22;35,3,36,7,False,PPPPPPPPPPPP,0,,1884,18,20,233,1,0,0
37,13,3,31,1,4,1,False,PPPPPPPPPPPP,0,,1884,18,20,233,1,0,0
37,13,3,5;13;19,3,36,11,False,PPPPPPPPPPPP,0,,1884,18,20,233,1,0,0
37,13,3,23,1,12,5,False,PPPPPPPPPPPP,0,6;90;1182,1884,18,20,233,1,0,0
37,13,3,29,1,12,7,False,PPPPPPPPPPPP,0,,1884,18,20,233,1,0,0
37,13,3,6,1,4,3,False,PPPPPPPPPPPP,0,,1884,18,20,233,1,0,0
37,13,3,14,1,12,11,False,PPPPPPPPPPPP,0,,1884,18,20,233,1,0,0
41,13,2,6;15;19;24,4,40,26,False,PPPPPPPPPPPP,0,,144,20,15,259,1,0,0
41,13,2,7;11;12;13,4,40,38,False,PPPPPPPPPPPP,0,,144,20,15,259,1,0,0
41,13,2,14;27,2,8,2,False,PPPPPPPPPPPP,0,,144,20,15,259,1,0,0
41,13,2,28;29;30;34,4,40,22,False,PPPPPPPPPPPP,0,,144,20,15,259,1,0,0
41,13,2,3;38,2,8,6,False,PPPPPPPPPPPP,0,,144,20,15,259,1,0,0
41,13,2,17;22;26;35,4,40,2,False,PPPPPPPPPPPP,0,,144,20,15,259,1,0,0
41,13,3,6;15;19;24,4,40,26,False,PPPPPPPPPPPP,0,,1884,20,15,259,1,0,0
41,13,3,7;11;12;13,4,40,38,False,PPPPPPPPPPPP,0,,1884,20,15,259,1,0,0
41,13,3,14;27,2,8,2,False,PPPPPPPPPPPP,0,,1884,20,15,259,1,0,0
41,13,3,28;29;30;34,4,40,22,False,PPPPPPPPPPPP,0,,1884,20,15,259,1,0,0
41,13,3,3;38,2,8,6,False,PPPPPPPPPPPP,0,,1884,20,15,259,1,0,0
41,13,3,17;22;26;35,4,40,2,False,PPPPPPPPPPPP,0,,1884,20,15,259,1,0,0
43,13,2,3;12,2,42,27,False,PPPPPPPPPPPP,0,,144,21,24,279,8,0,0
43,13,2,8;27,2,14,13,False,PPPPPPPPPPPP,0,,144,21,24,279,8,0,0
43,13,2,28;34,2,42,9,False,PPPPPPPPPPPP,0,4;64,144,21,24,279,8,0,0
43,13,2,37,1,6,3,False,PPPPPPPPPPPP,0,6;90,144,21,24,279,8,0,0
43,13,2,32;39,2,14,11,False,PPPPPPPPPPPP,0,,144,21,24,279,8,0,0
43,13,2,26;30,2,42,3,False,PPPPPPPPPPPP,0,,144,21,24,279,8,0,0
43,13,2,2;22,2,14,9,False,PPPPPPPPPPPP,0,,144,21,24,279,8,0,0
43,13,2,19;20,2,42,9,False,PPPPPPPPPPPP,0,,144,21,24,279,8,0,0
43,13,2,42,1,2,1,True,APPPPPPPPPPP,1,6;10;12;90;142,144,21,24,279,8,0,0
43,13,2,5;33,2,42,3,False,PPPPPPPPPPPP,0,,144,21,24,279,8,0,0
43,13,2,18;29,2,42,27,False,PPPPPPPPPPPP,0,10;142,144,21,24,279,8,0,0
43,13,2,7,1,6,3,False,PPPPPPPPPPPP,0,6;90,144,21,24,279,8,0,0
43,13,3,3;12,2,42,27,False,PPPPPPPPPPPP,0,,1884,21,24,279,8,0,0
43,13,3,8;27,2,14,13,False,PPPPPPPPPPPP,0,,1884,21,24,279,8,0,0
43,13,3,28;34,2,42,9,False,PPPPPPPPPPPP,0,4;64;844,1884,21,24,279,8,0,0
43,13,3,37,1,6,3,False,PPPPPPPPPPPP,0,6;90;1182,1884,21,24,279,8,0,0
43,13,3,32;39,2,14,11,False,PPPPPPPPPPPP,0,,1884,21,24,279,8,0,0
43,13,3,26;30,2,42,3,False,PPPPPPPPPPPP,0,,1884,21,24,279,8,0,0
43,13,3,2;22,2,14,9,False,PPPPPPPPPPPP,0,,1884,21,24,279,8,0,0
43,13,3,19;20,2,42,9,False,PPPPPPPPPPPP,0,,1884,21,24,279,8,0,0
43,13,3,42,1,2,1,True,APPPPPPPPPPP,1,6;10;12;90;142;168;1182;1858,1884,21,24,279,8,0,0
43,13,3,5;33,2,42,3,False,PPPPPPPPPPPP,0,,1884,21,24,279,8,0,0
43,13,3,18;29,2,42,27,False,PPPPPPPPPPPP,0,10;142;1858,1884,21,24,279,8,0,0
43,13,3,7,1,6,3,False,PPPPPPPPPPPP,0,6;90;1182,1884,21,24,279,8,0,0
45,13,2,22,1,12,7,False,PPPPPPPPPPPP,0,,144,12,26,170,15,1,0
45,13,2,7,1,12,11,False,PPPPPPPPPPPP,0,,144,12,26,170,15,1,0
45,13,2,29,1,6,4,False,PPPPPPPPPPPP,0,8;116,144,12,26,170,15,1,0
45,13,2,14,1,6,2,False,PPPPPPPPPPPP,0,4;64,144,12,26,170,15,1,0
45,13,2,13,1,12,1,False,PPPPPPPPPPPP,0,,144,12,26,170,15,1,0
45,13,2,43,1,12,5,False,PPPPPPPPPPPP,0,8;116,144,12,26,170,15,1,0
45,13,3,22,1,12,7,False,PPPPPPPPPPPP,0,,1884,12,26,170,15,1,0
45,13,3,7,1,12,11,False,PPPPPPPPPPPP,0,,1884,12,26,170,15,1,0
45,13,3,29,1,6,4,False,PPPPPPPPPPPP,0,8;116;1520,1884,12,26,170,15,1,0
45,13,3,14,1,6,2,False,PPPPPPPPPPPP,0,4;64;844,1884,12,26,170,15,1,0
45,13,3,13,1,12,1,False,PPPPPPPPPPPP,0,,1884,12,26,170,15,1,0
45,13,3,43,1,12,5,False,PPPPPPPPPPPP,0,8;116;1520,1884,12,26,170,15,1,0
47,13,2,5;22;26;29;30;31;33;39;40;43;45,11,46,18,False,PPPPPPPPPPPP,0,,144,23,26,299,1,1,0
47,13,2,10;11;13;15;19;20;23;35;38;41;44,11,46,44,False,PPPPPPPPPPPP,0,,144,23,26,299,1,1,0
47,13,2,46,1,2,0,False,APPPPPPPPPPP,1,0;12,144,23,26,299,1,1,0
47,13,3,5;22;26;29;30;31;33;39;40;43;45,11,46,18,False,PPPPPPPPPPPP,0,,1884,23,26,299,1,1,0
47,13,3,10;11;13;15;19;20;23;35;38;41;44,11,46,44,False,PPPPPPPPPPPP,0,,1884,23,26,299,1,1,0
47,13,3,46,1,2,0,False,APPPPPPPPPPP,1,0;12;168,1884,23,26,299,1,1,0
49,13,2,3;10,2,42,26,False,PPPPPPPPPPPP,0,,144,21,26,275,3,1,0
49,13,2,20;27,2,14,12,False,PPPPPPPPPPPP,0,,144,21,26,275,3,1,0
49,13,2,40;47,2,42,4,False,PPPPPPPPPPPP,0,,144,21,26,275,3,1,0
49,13,2,13;34,2,14,8,False,PPPPPPPPPPPP,0,,144,21,26,275,3,1,0
49,13,2,12;26,2,42,34,False,PPPPPPPPPPPP,0,,144,21,26,275,3,1,0
49,13,2,6;41,2,14,4,False,PPPPPPPPPPPP,0,,144,21,26,275,3,1,0
49,13,2,24;38,2,42,32,False,PPPPPPPPPPPP,0,,144,21,26,275,3,1,0
49,13,2,17;45,2,42,20,False,PPPPPPPPPPPP,0,,144,21,26,275,3,1,0
49,13,2,5;33,2,42,40,False,PPPPPPPPPPPP,0,,144,21,26,275,3,1,0
49,13,3,3;10,2,42,26,False,PPPPPPPPPPPP,0,,1884,21,26,275,3,1,0
49,13,3,20;27,2,14,12,False,PPPPPPPPPPPP,0,,1884,21,26,275,3,1,0
49,13,3,40;47,2,42,4,False,PPPPPPPPPPPP,0,,1884,21,26,275,3,1,0
49,13,3,13;34,2,14,8,False,PPPPPPPPPPPP,0,,1884,21,26,275,3,1,0
49,13,3,12;26,2,42,34,False,PPPPPPPPPPPP,0,,1884,21,26,275,3,1,0
49,13,3,6;41,2,14,4,False,PPPPPPPPPPPP,0,,1884,21,26,275,3,1,0
49,13,3,24;38,2,42,32,False,PPPPPPPPPPPP,0,,1884,21,26,275,3,1,0
49,13,3,17;45,2,42,20,False,PPPPPPPPPPPP,0,,1884,21,26,275,3,1,0
49,13,3,5;33,2,42,40,False,PPPPPPPPPPPP,0,,1884,21,26,275,3,1,0
51,13,2,8;26,2,8,2,False,PPPPPPPPPPPP,0,,144,16,26,217,9,2,0
51,13,2,47,1,4,0,True,AAPPPPPPPPPP,2,0;12;24,144,16,26,217,9,2,0
51,13,2,2;32,2,8,6,False,PPPPPPPPPPPP,0,,144,16,26,217,9,2,0
51,13,2,50,1,2,1,True,APPPPPPPPPPP,1,6;12;90,144,16,26,217,9,2,0
51,13,2,38,1,4,0,True,AAPPPPPPPPPP,2,0;4;12;24;64,144,16,26,217,9,2,0
51,13,3,8;26,2,8,2,False,PPPPPPPPPPPP,0,,1884,16,26,217,9,2,0
51,13,3,47,1,4,0,True,AAPPPPPPPPPP,2,0;12;24;168;324,1884,16,26,217,9,2,0
51,13,3,2;32,2,8,6,False,PPPPPPPPPPPP,0,,1884,16,26,217,9,2,0
51,13,3,50,1,2,1,True,APPPPPPPPPPP,1,6;12;90;168;1182,1884,16,26,217,9,2,0
51,13,3,38,1,4,0,True,AAPPPPPPPPPP,2,0;4;12;24;64;168;324;844,1884,16,26,217,9,2,0
55,13,2,19;24;29;39,4,10,6,False,PPPPPPPPPPPP,0,,144,20,26,263,4,1,0
55,13,2,27;37;42;47,4,20,9,False,PPPPPPPPPPPP,0,,144,20,26,263,4,1,0
55,13,2,3;38;48;53,4,20,19,False,PPPPPPPPPPPP,0,,144,20,26,263,4,1,0
55,13,2,54,1,2,0,True,AAPPPPPPPPPP,2,0;12;24,144,20,26,263,4,1,0
55,13,3,19;24;29;39,4,10,6,False,PPPPPPPPPPPP,0,,1884,20,26,263,4,1,0
55,13,3,27;37;42;47,4,20,9,False,PPPPPPPPPPPP,0,,1884,20,26,263,4,1,0
55,13,3,3;38;48;53,4,20,19,False,PPPPPPPPPPPP,0,,1884,20,26,263,4,1,0
55,13,3,54,1,2,0,True,AAPPPPPPPPPP,2,0;12;24;168;324,1884,20,26,263,4,1,0
57,13,2,23;44;47,3,18,11,False,PPPPPPPPPPPP,0,,144,18,24,242,10,0,0
57,13,2,5;17;35,3,18,13,False,PPPPPPPPPPPP,0,,144,18,24,242,10,0,0
57,13,2,26,1,6,5,False,PPPPPPPPPPPP,0,10;142,144,18,24,242,10,0,0
57,13,2,11,1,6,1,False,PPPPPPPPPPPP,0,2;38,144,18,24,242,10,0,0
57,13,3,23;44;47,3,18,11,False,PPPPPPPPPPPP,0,,1884,18,24,242,10,0,0
57,13,3,5;17;35,3,18,13,False,PPPPPPPPPPPP,0,,1884,18,24,242,10,0,0
57,13,3,26,1,6,5,False,PPPPPPPPPPPP,0,10;142;1858,1884,18,24,242,10,0,0
57,13,3,11,1,6,1,False,PPPPPPPPPPPP,0,2;38;506,1884,18,24,242,10,0,0
59,13,2,2;6;10;11;13;24;30;31;32;40;43;47;50;54,14,58,1,False,PPPPPPPPPPPP,0,,144,29,20,376,1,0,0
59,13,2,8;14;18;23;33;34;37;38;39;42;44;52;55;56,14,58,3,False,PPPPPPPPPPPP,0,,144,29,20,376,1,0,0
59,13,2,58,1,2,1,False,PPPPPPPPPPPP,0,6;90,144,29,20,376,1,0,0
59,13,3,2;6;10;11;13;24;30;31;32;40;43;47;50;54,14,58,1,False,PPPPPPPPPPPP,0,,1884,29,20,376,1,0,0
59,13,3,8;14;18;23;33;34;37;38;39;42;44;52;55;56,14,58,3,False,PPPPPPPPPPPP,0,,1884,29,20,376,1,0,0
59,13,3,58,1,2,1,False,PPPPPPPPPPPP,0,6;90;1182,1884,29,20,376,1,0,0
61,13,2,2;7;18;55,4,60,1,False,PPPPPPPPPPPP,0,,144,30,25,397,9,0,0
61,13,2,8;28;37;38,4,20,1,True,APPPPPPPPPPP,1,12,144,30,25,397,9,0,0
61,13,2,32,1,12,1,False,PPPPPPPPPPPP,0,,144,30,25,397,9,0,0
61,13,2,6;43;54;59,4,60,7,False,PPPPPPPPPPPP,0,,144,30,25,397,9,0,0
61,13,2,23;24;33;53,4,20,3,True,APPPPPPPPPPP,1,12,144,30,25,397,9,0,0
61,13,2,10;17;31;35,4,60,11,False,PPPPPPPPPPPP,0,,144,30,25,397,9,0,0
61,13,2,11,1,4,1,True,APPPPPPPPPPP,1,12,144,30,25,397,9,0,0
61,13,2,26;30;44;51,4,60,17,False,PPPPPPPPPPPP,0,,144,30,25,397,9,0,0
61,13,2,40,1,12,5,False,PPPPPPPPPPPP,0,,144,30,25,397,9,0,0
61,13,2,29,1,12,7,False,PPPPPPPPPPPP,0,10;142,144,30,25,397,9,0,0
61,13,2,50,1,4,3,True,APPPPPPPPPPP,1,12,144,30,25,397,9,0,0
61,13,2,21,1,12,11,False,PPPPPPPPPPPP,0,,144,30,25,397,9,0,0
61,13,3,2;7;18;55,4,60,1,False,PPPPPPPPPPPP,0,,1884,30,25,397,9,0,0
61,13,3,8;28;37;38,4,20,1,True,APPPPPPPPPPP,1,12;168,1884,30,25,397,9,0,0
61,13,3,32,1,12,1,False,PPPPPPPPPPPP,0,,1884,30,25,397,9,0,0
61,13,3,6;43;54;59,4,60,7,False,PPPPPPPPPPPP,0,,1884,30,25,397,9,0,0
61,13,3,23;24;33;53,4,20,3,True,APPPPPPPPPPP,1,12;168,1884,30,25,397,9,0,0
61,13,3,10;17;31;35,4,60,11,False,PPPPPPPPPPPP,0,,1884,30,25,397,9,0,0
61,13,3,11,1,4,1,True,APPPPPPPPPPP,1,12;168,1884,30,25,397,9,0,0
61,13,3,26;30;44;51,4,60,17,False,PPPPPPPPPPPP,0,,1884,30,25,397,9,0,0
61,13,3,40,1,12,5,False,PPPPPPPPPPPP,0,,1884,30,25,397,9,0,0
61,13,3,29,1,12,7,False,PPPPPPPPPPPP,0,10;142;1858,1884,30,25,397,9,0,0
61,13,3,50,1,4,3,True,APPPPPPPPPPP,1,12;168,1884,30,25,397,9,0,0
61,13,3,21,1,12,11,False,PPPPPPPPPPPP,0,,1884,30,25,397,9,0,0
63,13,2,31,1,6,4,False,PPPPPPPPPPPP,0,8;116,144,18,26,264,29,3,0
63,13,2,52,1,6,0,False,APPPPPPPPPPP,1,0;4;8;12;64;116,144,18,26,264,29,3,0
63,13,2,2,1,6,5,False,PPPPPPPPPPPP,0,2;10;38;142,144,18,26,264,29,3,0
63,13,2,23,1,6,3,False,PPPPPPPPPPPP,0,6;90,144,18,26,264,29,3,0
63,13,2,13,1,6,2,False,PPPPPPPPPPPP,0,4;64,144,18,26,264,29,3,0
63,13,2,34,1,6,4,False,PPPPPPPPPPPP,0,8;116,144,18,26,264,29,3,0
63,13,2,11,1,6,3,False,PPPPPPPPPPPP,0,6;8;10;20;90;116;142,144,18,26,264,29,3,0
63,13,2,32,1,6,1,False,PPPPPPPPPPPP,0,2;38,144,18,26,264,29,3,0
63,13,2,40,1,6,0,False,APPPPPPPPPPP,1,0;12,144,18,26,264,29,3,0
63,13,2,61,1,6,2,False,PPPPPPPPPPPP,0,4;64,144,18,26,264,29,3,0
63,13,3,31,1,6,4,False,PPPPPPPPPPPP,0,8;116;1520,1884,18,26,264,29,3,0
63,13,3,52,1,6,0,False,APPPPPPPPPPP,1,0;4;8;12;64;116;168;844;1520,1884,18,26,264,29,3,0
63,13,3,2,1,6,5,False,PPPPPPPPPPPP,0,2;10;38;142;506;1858,1884,18,26,264,29,3,0
63,13,3,23,1,6,3,False,PPPPPPPPPPPP,0,6;90;1182,1884,18,26,264,29,3,0
63,13,3,13,1,6,2,False,PPPPPPPPPPPP,0,4;64;844,1884,18,26,264,29,3,0
63,13,3,34,1,6,4,False,PPPPPPPPPPPP,0,8;116;1520,1884,18,26,264,29,3,0
63,13,3,11,1,6,3,False,PPPPPPPPPPPP,0,6;8;10;20;90;116;142;272;1182;1520;1858,1884,18,26,264,29,3,0
63,13,3,32,1,6,1,False,PPPPPPPPPPPP,0,2;38;506,1884,18,26,264,29,3,0
63,13,3,40,1,6,0,False,APPPPPPPPPPP,1,0;12;168,1884,18,26,264,29,3,0
63,13,3,61,1,6,2,False,PPPPPPPPPPPP,0,4;64;844,1884,18,26,264,29,3,0
67,13,2,2;13;18;28;44;48;50;51;57;61,10,66,1,False,PPPPPPPPPPPP,0,,144,33,24,430,3,0,0
67,13,2,3;5;8;27;42;43;45;52;53;58,10,22,1,False,PPPPPPPPPPPP,0,,144,33,24,430,3,0,0
67,13,2,7;11;12;20;31;32;34;41;46;63,10,66,5,False,PPPPPPPPPPPP,0,,144,33,24,430,3,0,0
67,13,2,38,1,6,1,False,PPPPPPPPPPPP,0,2;38,144,33,24,430,3,0,0
67,13,2,66,1,2,1,False,PPPPPPPPPPPP,0,6;90,144,33,24,430,3,0,0
67,13,2,30,1,6,5,False,PPPPPPPPPPPP,0,10;142,144,33,24,430,3,0,0
67,13,3,2;13;18;28;44;48;50;51;57;61,10,66,1,False,PPPPPPPPPPPP,0,,1884,33,24,430,3,0,0
67,13,3,3;5;8;27;42;43;45;52;53;58,10,22,1,False,PPPPPPPPPPPP,0,,1884,33,24,430,3,0,0
67,13,3,7;11;12;20;31;32;34;41;46;63,10,66,5,False,PPPPPPPPPPPP,0,,1884,33,24,430,3,0,0
67,13,3,38,1,6,1,False,PPPPPPPPPPPP,0,2;38;506,1884,33,24,430,3,0,0
67,13,3,66,1,2,1,False,PPPPPPPPPPPP,0,6;90;1182,1884,33,24,430,3,0,0
67,13,3,30,1,6,5,False,PPPPPPPPPPPP,0,10;142;1858,1884,33,24,430,3,0,0
69,13,2,2;8;26;29;32;35;41;50;59;62,10,22,15,False,PPPPPPPPPPPP,0,,144,22,26,287,2,1,0
69,13,3,2;8;26;29;32;35;41;50;59;62,10,22,15,False,PPPPPPPPPPPP,0,,1884,22,26,287,2,1,0
71,13,2,7;21;28;35,4,70,6,False,PPPPPPPPPPPP,0,,144,35,26,456,2,1,0
71,13,2,13;31;59;62,4,70,18,False,PPPPPPPPPPPP,0,,144,35,26,456,2,1,0
71,13,2,39;51,2,14,6,False,PPPPPPPPPPPP,0,,144,35,26,456,2,1,0
71,13,2,14;17;46;66,4,10,6,False,PPPPPPPPPPPP,0,,144,35,26,456,2,1,0
71,13,2,42;47;52;67,4,70,54,False,PPPPPPPPPPPP,0,,144,35,26,456,2,1,0
71,13,2,23;34,2,14,4,False,PPPPPPPPPPPP,0,,144,35,26,456,2,1,0
71,13,2,22;53;56;68,4,70,44,False,PPPPPPPPPPPP,0,,144,35,26,456,2,1,0
71,13,2,26;41,2,14,2,False,PPPPPPPPPPPP,0,,144,35,26,456,2,1,0
71,13,2,11;55;63;65,4,70,46,False,PPPPPPPPPPPP,0,,144,35,26,456,2,1,0
71,13,2,70,1,2,0,False,APPPPPPPPPPP,1,0;10;12;142,144,35,26,456,2,1,0
71,13,2,33;44;61;69,4,70,36,False,PPPPPPPPPPPP,0,,144,35,26,456,2,1,0
71,13,3,7;21;28;35,4,70,6,False,PPPPPPPPPPPP,0,,1884,35,26,456,2,1,0
71,13,3,13;31;59;62,4,70,18,False,PPPPPPPPPPPP,0,,1884,35,26,456,2,1,0
71,13,3,39;51,2,14,6,False,PPPPPPPPPPPP,0,,1884,35,26,456,2,1,0
71,13,3,14;17;46;66,4,10,6,False,PPPPPPPPPPPP,0,,1884,35,26,456,2,1,0
71,13,3,42;47;52;67,4,70,54,False,PPPPPPPPPPPP,0,,1884,35,26,456,2,1,0
71,13,3,23;34,2,14,4,False,PPPPPPPPPPPP,0,,1884,35,26,456,2,1,0
71,13,3,22;53;56;68,4,70,44,False,PPPPPPPPPPPP,0,,1884,35,26,456,2,1,0
71,13,3,26;41,2,14,2,False,PPPPPPPPPPPP,0,,1884,35,26,456,2,1,0
71,13,3,11;55;63;65,4,70,46,False,PPPPPPPPPPPP,0,,1884,35,26,456,2,1,0
71,13,3,70,1,2,0,False,APPPPPPPPPPP,1,0;10;12;142;168;1858,1884,35,26,456,2,1,0
71,13,3,33;44;61;69,4,70,36,False,PPPPPPPPPPPP,0,,1884,35,26,456,2,1,0
73,13,2,5;28;33;40;45;68,6,72,8,False,PPPPPPPPPPPP,0,,144,36,26,483,13,4,0
73,13,2,21;52,2,24,8,False,PPPPPPPPPPPP,0,8;116,144,36,26,483,13,4,0
73,13,2,14;20;34;39;53;59,6,72,40,False,PPPPPPPPPPPP,0,,144,36,26,483,13,4,0
73,13,2,11;15;26;47;58;62,6,72,56,False,PPPPPPPPPPPP,0,,144,36,26,483,13,4,0
73,13,2,10;63,2,8,0,False,APPPPPPPPPPP,1,0;12,144,36,26,483,13,4,0
73,13,2,13;29;31;42;44;60,6,72,16,False,PPPPPPPPPPPP,0,,144,36,26,483,13,4,0
73,13,2,30;43,2,24,16,False,PPPPPPPPPPPP,0,4;64,144,36,26,483,13,4,0
73,13,2,17;56,2,24,8,False,PPPPPPPPPPPP,0,8;116,144,36,26,483,13,4,0
73,13,2,22;51,2,8,0,False,APPPPPPPPPPP,1,0;12,144,36,26,483,13,4,0
73,13,2,7;66,2,24,16,False,PPPPPPPPPPPP,0,4;64,144,36,26,483,13,4,0
73,13,3,5;28;33;40;45;68,6,72,8,False,PPPPPPPPPPPP,0,,1884,36,26,483,13,4,0
73,13,3,21;52,2,24,8,False,PPPPPPPPPPPP,0,8;116;1520,1884,36,26,483,13,4,0
73,13,3,14;20;34;39;53;59,6,72,40,False,PPPPPPPPPPPP,0,,1884,36,26,483,13,4,0
73,13,3,11;15;26;47;58;62,6,72,56,False,PPPPPPPPPPPP,0,,1884,36,26,483,13,4,0
73,13,3,10;63,2,8,0,False,APPPPPPPPPPP,1,0;12;168,1884,36,26,483,13,4,0
73,13,3,13;29;31;42;44;60,6,72,16,False,PPPPPPPPPPPP,0,,1884,36,26,483,13,4,0
73,13,3,30;43,2,24,16,False,PPPPPPPPPPPP,0,4;64;844,1884,36,26,483,13,4,0
73,13,3,17;56,2,24,8,False,PPPPPPPPPPPP,0,8;116;1520,1884,36,26,483,13,4,0
73,13,3,22;51,2,8,0,False,APPPPPPPPPPP,1,0;12;168,1884,36,26,483,13,4,0
73,13,3,7;66,2,24,16,False,PPPPPPPPPPPP,0,4;64;844,1884,36,26,483,13,4,0
75,13,2,14;29;44;59,4,10,6,False,PPPPPPPPPPPP,0,,144,20,26,264,5,1,0
75,13,2,11;41;56;71,4,10,7,False,PPPPPPPPPPPP,0,,144,20,26,264,5,1,0
75,13,3,14;29;44;59,4,10,6,False,PPPPPPPPPPPP,0,,1884,20,26,264,5,1,0
75,13,3,11;41;56;71,4,10,7,False,PPPPPPPPPPPP,0,,1884,20,26,264,5,1,0
77,13,2,2;30;51;72,4,30,23,False,PPPPPPPPPPPP,0,,144,30,26,396,7,1,0
77,13,2,18;39;46;74,4,30,13,False,PPPPPPPPPPPP,0,,144,30,26,396,7,1,0
77,13,2,3;31;38;59,4,30,16,False,PPPPPPPPPPPP,0,,144,30,26,396,7,1,0
77,13,2,20;27;48;69,4,10,2,False,PPPPPPPPPPPP,0,,144,30,26,396,7,1,0
77,13,2,5;26;47;75,4,30,26,False,PPPPPPPPPPPP,0,,144,30,26,396,7,1,0
77,13,2,65,1,6,1,False,PPPPPPPPPPPP,0,2;38,144,30,26,396,7,1,0
77,13,2,32,1,6,5,False,PPPPPPPPPPPP,0,8;10;20;116;142,144,30,26,396,7,1,0
77,13,3,2;30;51;72,4,30,23,False,PPPPPPPPPPPP,0,,1884,30,26,396,7,1,0
77,13,3,18;39;46;74,4,30,13,False,PPPPPPPPPPPP,0,,1884,30,26,396,7,1,0
77,13,3,3;31;38;59,4,30,16,False,PPPPPPPPPPPP,0,,1884,30,26,396,7,1,0
77,13,3,20;27;48;69,4,10,2,False,PPPPPPPPPPPP,0,,1884,30,26,396,7,1,0
77,13,3,5;26;47;75,4,30,26,False,PPPPPPPPPPPP,0,,1884,30,26,396,7,1,0
77,13,3,65,1,6,1,False,PPPPPPPPPPPP,0,2;38;506,1884,30,26,396,7,1,0
77,13,3,32,1,6,5,False,PPPPPPPPPPPP,0,8;10;20;116;142;272;1520;1858,1884,30,26,396,7,1,0
81,13,2,2;11;20;29;38;47;56;65;74,9,54,1,False,PPPPPPPPPPPP,0,,144,27,24,352,3,0,0
81,13,2,5;14;23;32;41;50;59;68;77,9,54,5,False,PPPPPPPPPPPP,0,,144,27,24,352,3,0,0
81,13,3,2;11;20;29;38;47;56;65;74,9,54,1,False,PPPPPPPPPPPP,0,,1884,27,24,352,3,0,0
81,13,3,5;14;23;32;41;50;59;68;77,9,54,5,False,PPPPPPPPPPPP,0,,1884,27,24,352,3,0,0
83,13,2,2;5;6;8;13;14;15;18;19;20;22;24;32;34;35;39;42;43;45;46;47;50;52;53;54;55;56;57;58;60;62;66;67;71;72;73;74;76;79;80,40,82,1,False,PPPPPPPPPPPP,0,,144,41,20,532,1,0,0
83,13,2,82,1,2,1,False,PPPPPPPPPPPP,0,6;90,144,41,20,532,1,0,0
83,13,3,2;5;6;8;13;14;15;18;19;20;22;24;32;34;35;39;42;43;45;46;47;50;52;53;54;55;56;57;58;60;62;66;67;71;72;73;74;76;79;80,40,82,1,False,PPPPPPPPPPPP,0,,1884,41,20,532,1,0,0
83,13,3,82,1,2,1,False,PPPPPPPPPPPP,0,6;90;1182,1884,41,20,532,1,0,0
85,13,2,14;29;39;54,4,16,6,False,PPPPPPPPPPPP,0,,144,32,26,436,18,4,0
85,13,2,42;77,2,8,0,False,APPPPPPPPPPP,1,0;12,144,32,26,436,18,4,0
85,13,2,8;43,2,8,4,False,PPPPPPPPPPPP,0,6;90,144,32,26,436,18,4,0
85,13,2,24;44;74;79,4,16,2,False,PPPPPPPPPPPP,0,,144,32,26,436,18,4,0
85,13,2,47,1,4,3,False,PPPPPPPPPPPP,0,,144,32,26,436,18,4,0
85,13,2,13,1,4,1,False,PPPPPPPPPPPP,0,,144,32,26,436,18,4,0
85,13,2,2;32,2,8,4,False,PPPPPPPPPPPP,0,6;90,144,32,26,436,18,4,0
85,13,2,53;83,2,8,0,False,APPPPPPPPPPP,1,0;12,144,32,26,436,18,4,0
85,13,2,67,1,4,1,False,PPPPPPPPPPPP,0,8;116,144,32,26,436,18,4,0
85,13,2,33,1,4,3,False,PPPPPPPPPPPP,0,10;142,144,32,26,436,18,4,0
85,13,2,72,1,4,3,False,PPPPPPPPPPPP,0,,144,32,26,436,18,4,0
85,13,2,38,1,4,1,False,PPPPPPPPPPPP,0,,144,32,26,436,18,4,0
85,13,3,14;29;39;54,4,16,6,False,PPPPPPPPPPPP,0,,1884,32,26,436,18,4,0
85,13,3,42;77,2,8,0,False,APPPPPPPPPPP,1,0;12;168,1884,32,26,436,18,4,0
85,13,3,8;43,2,8,4,False,PPPPPPPPPPPP,0,6;90;1182,1884,32,26,436,18,4,0
85,13,3,24;44;74;79,4,16,2,False,PPPPPPPPPPPP,0,,1884,32,26,436,18,4,0
85,13,3,47,1,4,3,False,PPPPPPPPPPPP,0,,1884,32,26,436,18,4,0
85,13,3,13,1,4,1,False,PPPPPPPPPPPP,0,,1884,32,26,436,18,4,0
85,13,3,2;32,2,8,4,False,PPPPPPPPPPPP,0,6;90;1182,1884,32,26,436,18,4,0
85,13,3,53;83,2,8,0,False,APPPPPPPPPPP,1,0;12;168,1884,32,26,436,18,4,0
85,13,3,67,1,4,1,False,PPPPPPPPPPPP,0,8;116;1520,1884,32,26,436,18,4,0
85,13,3,33,1,4,3,False,PPPPPPPPPPPP,0,10;142;1858,1884,32,26,436,18,4,0
85,13,3,72,1,4,3,False,PPPPPPPPPPPP,0,,1884,32,26,436,18,4,0
85,13,3,38,1,4,1,False,PPPPPPPPPPPP,0,,1884,32,26,436,18,4,0
87,13,2,62;80,2,14,8,False,PPPPPPPPPPPP,0,,144,28,26,368,5,1,0
87,13,2,20;74,2,14,9,False,PPPPPPPPPPPP,0,,144,28,26,368,5,1,0
87,13,2,5;35,2,14,10,False,PPPPPPPPPPPP,0,,144,28,26,368,5,1,0
87,13,2,23;53,2,14,11,False,PPPPPPPPPPPP,0,,144,28,26,368,5,1,0
87,13,2,38;71,2,14,12,False,PPPPPPPPPPPP,0,,144,28,26,368,5,1,0
87,13,2,65;83,2,14,13,False,PPPPPPPPPPPP,0,,144,28,26,368,5,1,0
87,13,2,86,1,2,0,True,AAPPPPPPPPPP,2,0;12;24,144,28,26,368,5,1,0
87,13,3,62;80,2,14,8,False,PPPPPPPPPPPP,0,,1884,28,26,368,5,1,0
87,13,3,20;74,2,14,9,False,PPPPPPPPPPPP,0,,1884,28,26,368,5,1,0
87,13,3,5;35,2,14,10,False,PPPPPPPPPPPP,0,,1884,28,26,368,5,1,0
87,13,3,23;53,2,14,11,False,PPPPPPPPPPPP,0,,1884,28,26,368,5,1,0
87,13,3,38;71,2,14,12,False,PPPPPPPPPPPP,0,,1884,28,26,368,5,1,0
87,13,3,65;83,2,14,13,False,PPPPPPPPPPPP,0,,1884,28,26,368,5,1,0
87,13,3,86,1,2,0,True,AAPPPPPPPPPP,2,0;12;24;168;324,1884,28,26,368,5,1,0
89,13,2,3;7;14;24;28;33;41;43;66;83,10,88,16,False,PPPPPPPPPPPP,0,,144,44,26,583,9,4,0
89,13,2,26;27;29;30;35;51;58;70;74;76,10,88,48,False,PPPPPPPPPPPP,0,,144,44,26,583,9,4,0
89,13,2,6;23;46;48;56;61;65;75;82;86,10,88,80,False,PPPPPPPPPPPP,0,,144,44,26,583,9,4,0
89,13,2,37;52,2,8,0,False,APPPPPPPPPPP,1,0;12,144,44,26,583,9,4,0
89,13,2,13;15;19;31;38;54;59;60;62;63,10,88,64,False,PPPPPPPPPPPP,0,,144,44,26,583,9,4,0
89,13,2,12;77,2,8,0,False,APPPPPPPPPPP,1,0;12,144,44,26,583,9,4,0
89,13,3,3;7;14;24;28;33;41;43;66;83,10,88,16,False,PPPPPPPPPPPP,0,,1884,44,26,583,9,4,0
89,13,3,26;27;29;30;35;51;58;70;74;76,10,88,48,False,PPPPPPPPPPPP,0,,1884,44,26,583,9,4,0
89,13,3,6;23;46;48;56;61;65;75;82;86,10,88,80,False,PPPPPPPPPPPP,0,,1884,44,26,583,9,4,0
89,13,3,37;52,2,8,0,False,APPPPPPPPPPP,1,0;12;168,1884,44,26,583,9,4,0
89,13,3,13;15;19;31;38;54;59;60;62;63,10,88,64,False,PPPPPPPPPPPP,0,,1884,44,26,583,9,4,0
89,13,3,12;77,2,8,0,False,APPPPPPPPPPP,1,0;12;168,1884,44,26,583,9,4,0
93,13,2,20;41;71;80,4,30,3,False,PPPPPPPPPPPP,0,,144,30,26,402,11,3,0
93,13,2,14;38;50;59,4,30,21,False,PPPPPPPPPPPP,0,,144,30,26,402,11,3,0
93,13,2,2;8;35;47,4,10,3,False,PPPPPPPPPPPP,0,,144,30,26,402,11,3,0
93,13,2,56,1,6,3,False,PPPPPPPPPPPP,0,6;90,144,30,26,402,11,3,0
93,13,2,5,1,6,3,False,PPPPPPPPPPPP,0,6;10;90;142,144,30,26,402,11,3,0
93,13,3,20;41;71;80,4,30,3,False,PPPPPPPPPPPP,0,,1884,30,26,402,11,3,0
93,13,3,14;38;50;59,4,30,21,False,PPPPPPPPPPPP,0,,1884,30,26,402,11,3,0
93,13,3,2;8;35;47,4,10,3,False,PPPPPPPPPPPP,0,,1884,30,26,402,11,3,0
93,13,3,56,1,6,3,False,PPPPPPPPPPPP,0,6;90;1182,1884,30,26,402,11,3,0
93,13,3,5,1,6,3,False,PPPPPPPPPPPP,0,6;10;90;142;1182;1858,1884,30,26,402,11,3,0
95,13,2,14;59;79,3,18,10,False,PPPPPPPPPPPP,0,,144,36,26,494,26,2,0
95,13,2,42;47;82,3,36,13,False,PPPPPPPPPPPP,0,,144,36,26,494,26,2,0
95,13,2,23;28;63,3,36,31,False,PPPPPPPPPPPP,0,,144,36,26,494,26,2,0
95,13,2,84,1,6,4,False,PPPPPPPPPPPP,0,8;116,144,36,26,494,26,2,0
95,13,2,17;62;92,3,36,17,False,PPPPPPPPPPPP,0,,144,36,26,494,26,2,0
95,13,2,43;73;93,3,36,35,False,PPPPPPPPPPPP,0,,144,36,26,494,26,2,0
95,13,2,29;34;89,3,18,14,False,PPPPPPPPPPPP,0,,144,36,26,494,26,2,0
95,13,2,7,1,12,7,False,PPPPPPPPPPPP,0,,144,36,26,494,26,2,0
95,13,2,83,1,12,1,False,PPPPPPPPPPPP,0,10;142,144,36,26,494,26,2,0
95,13,2,94,1,2,0,True,AAPPPPPPPPPP,2,0;12;24,144,36,26,494,26,2,0
95,13,2,87,1,12,11,False,PPPPPPPPPPPP,0,2;38,144,36,26,494,26,2,0
95,13,2,68,1,12,5,False,APPPPPPPPPPP,1,0;12,144,36,26,494,26,2,0
95,13,2,69,1,6,2,False,PPPPPPPPPPPP,0,4;6;10;64;90;142,144,36,26,494,26,2,0
95,13,3,14;59;79,3,18,10,False,PPPPPPPPPPPP,0,,1884,36,26,494,26,2,0
95,13,3,42;47;82,3,36,13,False,PPPPPPPPPPPP,0,,1884,36,26,494,26,2,0
95,13,3,23;28;63,3,36,31,False,PPPPPPPPPPPP,0,,1884,36,26,494,26,2,0
95,13,3,84,1,6,4,False,PPPPPPPPPPPP,0,8;116;1520,1884,36,26,494,26,2,0
95,13,3,17;62;92,3,36,17,False,PPPPPPPPPPPP,0,,1884,36,26,494,26,2,0
95,13,3,43;73;93,3,36,35,False,PPPPPPPPPPPP,0,,1884,36,26,494,26,2,0
95,13,3,29;34;89,3,18,14,False,PPPPPPPPPPPP,0,,1884,36,26,494,26,2,0
95,13,3,7,1,12,7,False,PPPPPPPPPPPP,0,,1884,36,26,494,26,2,0
95,13,3,83,1,12,1,False,PPPPPPPPPPPP,0,10;142;1858,1884,36,26,494,26,2,0
95,13,3,94,1,2,0,True,AAPPPPPPPPPP,2,0;12;24;168;324,1884,36,26,494,26,2,0
95,13,3,87,1,12,11,False,PPPPPPPPPPPP,0,2;38;506,1884,36,26,494,26,2,0
95,13,3,68,1,12,5,False,APPPPPPPPPPP,1,0;12;168,1884,36,26,494,26,2,0
95,13,3,69,1,6,2,False,PPPPPPPPPPPP,0,4;6;10;64;90;142;844;1182;1858,1884,36,26,494,26,2,0
97,13,2,5;13;29;41;56;68;84;92,8,96,34,False,PPPPPPPPPPPP,0,,144,48,25,636,14,0,0
97,13,2,28;34;42;46;51;55;63;69,8,32,2,False,PPPPPPPPPPPP,0,,144,48,25,636,14,0,0
97,13,2,14;17;21;23;74;76;80;83,8,96,74,False,PPPPPPPPPPPP,0,,144,48,25,636,14,0,0
97,13,2,7;37;38;40;57;59;60;90,8,96,46,False,PPPPPPPPPPPP,0,,144,48,25,636,14,0,0
97,13,2,19;20;30;45;52;67;77;78,8,32,6,False,PPPPPPPPPPPP,0,,144,48,25,636,14,0,0
97,13,2,10;15;26;39;58;71;82;87,8,96,86,False,PPPPPPPPPPPP,0,,144,48,25,636,14,0,0
97,13,3,5;13;29;41;56;68;84;92,8,96,34,False,PPPPPPPPPPPP,0,,1884,48,25,636,14,0,0
97,13,3,28;34;42;46;51;55;63;69,8,32,2,False,PPPPPPPPPPPP,0,,1884,48,25,636,14,0,0
97,13,3,14;17;21;23;74;76;80;83,8,96,74,False,PPPPPPPPPPPP,0,,1884,48,25,636,14,0,0
97,13,3,7;37;38;40;57;59;60;90,8,96,46,False,PPPPPPPPPPPP,0,,1884,48,25,636,14,0,0
97,13,3,19;20;30;45;52;67;77;78,8,32,6,False,PPPPPPPPPPPP,0,,1884,48,25,636,14,0,0
97,13,3,10;15;26;39;58;71;82;87,8,96,86,False,PPPPPPPPPPPP,0,,1884,48,25,636,14,0,0
99,13,2,13;40;85;94,4,30,13,False,PPPPPPPPPPPP,0,,144,30,24,398,10,0,0
99,13,2,7;52;61;79,4,30,23,False,PPPPPPPPPPPP,0,,144,30,24,398,10,0,0
99,13,2,20;38;47;92,4,30,11,False,PPPPPPPPPPPP,0,,144,30,24,398,10,0,0
99,13,2,5;14;59;86,4,30,1,False,PPPPPPPPPPPP,0,,144,30,24,398,10,0,0
99,13,2,76,1,6,5,False,PPPPPPPPPPPP,0,10;142,144,30,24,398,10,0,0
99,13,2,43,1,6,1,False,PPPPPPPPPPPP,0,2;10;38;142,144,30,24,398,10,0,0
99,13,3,13;40;85;94,4,30,13,False,PPPPPPPPPPPP,0,,1884,30,24,398,10,0,0
99,13,3,7;52;61;79,4,30,23,False,PPPPPPPPPPPP,0,,1884,30,24,398,10,0,0
99,13,3,20;38;47;92,4,30,11,False,PPPPPPPPPPPP,0,,1884,30,24,398,10,0,0
99,13,3,5;14;59;86,4,30,1,False,PPPPPPPPPPPP,0,,1884,30,24,398,10,0,0
99,13,3,76,1,6,5,False,PPPPPPPPPPPP,0,10;142;1858,1884,30,24,398,10,0,0
99,13,3,43,1,6,1,False,PPPPPPPPPPPP,0,2;10;38;142;506;1858,1884,30,24,398,10,0,0
101,13,2,2;3;7;11;15;35;38;48;50;55;59;61;67;72;73;74;75;83;89;93,20,100,1,False,PPPPPPPPPPPP,0,,144,50,16,649,1,0,0
101,13,2,8;12;18;26;27;28;29;34;40;42;46;51;53;63;66;86;90;94;98;99,20,100,3,False,PPPPPPPPPPPP,0,,144,50,16,649,1,0,0
101,13,2,32;41;57;62,4,20,1,False,PPPPPPPPPPPP,0,,144,50,16,649,1,0,0
101,13,2,39;44;60;69,4,20,3,False,PPPPPPPPPPPP,0,,144,50,16,649,1,0,0
101,13,2,10,1,4,1,False,PPPPPPPPPPPP,0,,144,50,16,649,1,0,0
101,13,2,91,1,4,3,False,PPPPPPPPPPPP,0,2;38,144,50,16,649,1,0,0
101,13,3,2;3;7;11;15;35;38;48;50;55;59;61;67;72;73;74;75;83;89;93,20,100,1,False,PPPPPPPPPPPP,0,,1884,50,16,649,1,0,0
101,13,3,8;12;18;26;27;28;29;34;40;42;46;51;53;63;66;86;90;94;98;99,20,100,3,False,PPPPPPPPPPPP,0,,1884,50,16,649,1,0,0
101,13,3,32;41;57;62,4,20,1,False,PPPPPPPPPPPP,0,,1884,50,16,649,1,0,0
101,13,3,39;44;60;69,4,20,3,False,PPPPPPPPPPPP,0,,1884,50,16,649,1,0,0
101,13,3,10,1,4,1,False,PPPPPPPPPPPP,0,,1884,50,16,649,1,0,0
101,13,3,91,1,4,3,False,PPPPPPPPPPPP,0,2;38;506,1884,50,16,649,1,0,0
103,13,2,5;67;71;96,4,102,44,False,PPPPPPPPPPPP,0,,144,51,26,667,5,1,0
103,13,2,3;22;69;89,4,34,10,False,PPPPPPPPPPPP,0,,144,51,26,667,5,1,0
103,13,2,35;77;84;85,4,102,16,False,PPPPPPPPPPPP,0,,144,51,26,667,5,1,0
103,13,2,11;45;51;88,4,102,2,False,PPPPPPPPPPPP,0,,144,51,26,667,5,1,0
103,13,2,27;37;39;42,4,34,30,False,PPPPPPPPPPPP,0,,144,51,26,667,5,1,0
103,13,2,48;75;87;101,4,102,76,False,PPPPPPPPPPPP,0,,144,51,26,667,5,1,0
103,13,2,57,1,6,2,True,APPPPPPPPPPP,1,4;12;64,144,51,26,667,5,1,0
103,13,2,12;21;70;86,4,102,20,False,PPPPPPPPPPPP,0,,144,51,26,667,5,1,0
103,13,2,24;73;90;95,4,34,2,False,PPPPPPPPPPPP,0,,144,51,26,667,5,1,0
103,13,2,10;31;80;94,4,34,22,False,PPPPPPPPPPPP,0,,144,51,26,667,5,1,0
103,13,2,40;53;65;99,4,102,38,False,PPPPPPPPPPPP,0,,144,51,26,667,5,1,0
103,13,2,20;44;62;74,4,102,10,False,PPPPPPPPPPPP,0,,144,51,26,667,5,1,0
103,13,2,102,1,2,0,True,AAPPPPPPPPPP,2,0;12;24,144,51,26,667,5,1,0
103,13,2,6;43;54;78,4,102,88,False,PPPPPPPPPPPP,0,,144,51,26,667,5,1,0
103,13,2,47,1,6,4,True,APPPPPPPPPPP,1,2;8;12;38;116,144,51,26,667,5,1,0
103,13,3,5;67;71;96,4,102,44,False,PPPPPPPPPPPP,0,,1884,51,26,667,5,1,0
103,13,3,3;22;69;89,4,34,10,False,PPPPPPPPPPPP,0,,1884,51,26,667,5,1,0
103,13,3,35;77;84;85,4,102,16,False,PPPPPPPPPPPP,0,,1884,51,26,667,5,1,0
103,13,3,11;45;51;88,4,102,2,False,PPPPPPPPPPPP,0,,1884,51,26,667,5,1,0
103,13,3,27;37;39;42,4,34,30,False,PPPPPPPPPPPP,0,,1884,51,26,667,5,1,0
103,13,3,48;75;87;101,4,102,76,False,PPPPPPPPPPPP,0,,1884,51,26,667,5,1,0
103,13,3,57,1,6,2,True,APPPPPPPPPPP,1,4;12;64;168;844,1884,51,26,667,5,1,0
103,13,3,12;21;70;86,4,102,20,False,PPPPPPPPPPPP,0,,1884,51,26,667,5,1,0
103,13,3,24;73;90;95,4,34,2,False,PPPPPPPPPPPP,0,,1884,51,26,667,5,1,0
103,13,3,10;31;80;94,4,34,22,False,PPPPPPPPPPPP,0,,1884,51,26,667,5,1,0
103,13,3,40;53;65;99,4,102,38,False,PPPPPPPPPPPP,0,,1884,51,26,667,5,1,0
103,13,3,20;44;62;74,4,102,10,False,PPPPPPPPPPPP,0,,1884,51,26,667,5,1,0
103,13,3,102,1,2,0,True,AAPPPPPPPPPP,2,0;12;24;168;324,1884,51,26,667,5,1,0
103,13,3,6;43;54;78,4,102,88,False,PPPPPPPPPPPP,0,,1884,51,26,667,5,1,0
103,13,3,47,1,6,4,True,APPPPPPPPPPP,1,2;8;12;38;116;168;506;1520,1884,51,26,667,5,1,0
105,13,2,17,1,12,1,False,APPPPPPPPPPP,1,0;12,144,24,26,351,38,3,0
105,13,2,38,1,12,7,False,PPPPPPPPPPPP,0,,144,24,26,351,38,3,0
105,13,2,44,1,6,4,False,PPPPPPPPPPPP,0,8;116,144,24,26,351,38,3,0
105,13,2,62,1,4,3,False,PPPPPPPPPPPP,0,,144,24,26,351,38,3,0
105,13,2,83,1,4,1,False,PPPPPPPPPPPP,0,,144,24,26,351,38,3,0
105,13,2,74,1,6,2,False,PPPPPPPPPPPP,0,4;64,144,24,26,351,38,3,0
105,13,2,47,1,12,5,False,PPPPPPPPPPPP,0,,144,24,26,351,38,3,0
105,13,2,68,1,12,11,False,PPPPPPPPPPPP,0,,144,24,26,351,38,3,0
105,13,3,17,1,12,1,False,APPPPPPPPPPP,1,0;12;168,1884,24,26,351,38,3,0
105,13,3,38,1,12,7,False,PPPPPPPPPPPP,0,,1884,24,26,351,38,3,0
105,13,3,44,1,6,4,False,PPPPPPPPPPPP,0,8;116;1520,1884,24,26,351,38,3,0
105,13,3,62,1,4,3,False,PPPPPPPPPPPP,0,,1884,24,26,351,38,3,0
105,13,3,83,1,4,1,False,PPPPPPPPPPPP,0,,1884,24,26,351,38,3,0
105,13,3,74,1,6,2,False,PPPPPPPPPPPP,0,4;64;844,1884,24,26,351,38,3,0
105,13,3,47,1,12,5,False,PPPPPPPPPPPP,0,,1884,24,26,351,38,3,0
105,13,3,68,1,12,11,False,PPPPPPPPPPPP,0,,1884,24,26,351,38,3,0
107,13,2,2;5;20;26;45;46;50;51;55;60;63;71;93,13,106,1,False,PPPPPPPPPPPP,0,,144,53,20,688,1,0,0
107,13,2,8;18;24;28;38;68;73;74;78;82;95;97;103,13,106,3,False,PPPPPPPPPPPP,0,,144,53,20,688,1,0,0
107,13,2,6;22;31;32;58;59;65;67;77;80;94;96;98,13,106,5,False,PPPPPPPPPPPP,0,,144,53,20,688,1,0,0
107,13,2,7;15;17;21;43;54;66;70;72;84;88;91;104,13,106,7,False,PPPPPPPPPPPP,0,,144,53,20,688,1,0,0
107,13,2,106,1,2,1,True,APPPPPPPPPPP,1,6;12;90,144,53,20,688,1,0,0
107,13,3,2;5;20;26;45;46;50;51;55;60;63;71;93,13,106,1,False,PPPPPPPPPPPP,0,,1884,53,20,688,1,0,0
107,13,3,8;18;24;28;38;68;73;74;78;82;95;97;103,13,106,3,False,PPPPPPPPPPPP,0,,1884,53,20,688,1,0,0
107,13,3,6;22;31;32;58;59;65;67;77;80;94;96;98,13,106,5,False,PPPPPPPPPPPP,0,,1884,53,20,688,1,0,0
107,13,3,7;15;17;21;43;54;66;70;72;84;88;91;104,13,106,7,False,PPPPPPPPPPPP,0,,1884,53,20,688,1,0,0
107,13,3,106,1,2,1,True,APPPPPPPPPPP,1,6;12;90;168;1182,1884,53,20,688,1,0,0
109,13,2,6;10;14;51;52;53;69;85;96,9,108,57,False,PPPPPPPPPPPP,0,,144,54,24,706,6,0,0
109,13,2,19;92;107,3,36,21,False,PPPPPPPPPPPP,0,,144,54,24,706,6,0,0
109,13,2,18;30;37;42;44;47;50;70;98,9,108,69,False,PPPPPPPPPPPP,0,,144,54,24,706,6,0,0
109,13,2,13;24;40;56;57;58;95;99;103,9,108,75,False,PPPPPPPPPPPP,0,,144,54,24,706,6,0,0
109,13,2,101,1,12,9,False,PPPPPPPPPPPP,0,,144,54,24,706,6,0,0
109,13,2,11;39;59;62;65;67;72;79;91,9,108,87,False,PPPPPPPPPPPP,0,,144,54,24,706,6,0,0
109,13,2,55;77;86,3,36,33,False,PPPPPPPPPPPP,0,,144,54,24,706,6,0,0
109,13,2,2;17;90,3,36,3,False,PPPPPPPPPPPP,0,,144,54,24,706,6,0,0
109,13,2,33,1,4,1,False,PPPPPPPPPPPP,0,10;142,144,54,24,706,6,0,0
109,13,2,23;32;54,3,36,15,False,PPPPPPPPPPPP,0,,144,54,24,706,6,0,0
109,13,2,41,1,12,9,False,PPPPPPPPPPPP,0,,144,54,24,706,6,0,0
109,13,2,8,1,12,3,False,PPPPPPPPPPPP,0,8;10;116;142,144,54,24,706,6,0,0
109,13,2,76,1,4,3,False,PPPPPPPPPPPP,0,2;38,144,54,24,706,6,0,0
109,13,2,68,1,12,3,False,PPPPPPPPPPPP,0,,144,54,24,706,6,0,0
109,13,3,6;10;14;51;52;53;69;85;96,9,108,57,False,PPPPPPPPPPPP,0,,1884,54,24,706,6,0,0
109,13,3,19;92;107,3,36,21,False,PPPPPPPPPPPP,0,,1884,54,24,706,6,0,0
109,13,3,18;30;37;42;44;47;50;70;98,9,108,69,False,PPPPPPPPPPPP,0,,1884,54,24,706,6,0,0
109,13,3,13;24;40;56;57;58;95;99;103,9,108,75,False,PPPPPPPPPPPP,0,,1884,54,24,706,6,0,0
109,13,3,101,1,12,9,False,PPPPPPPPPPPP,0,,1884,54,24,706,6,0,0
109,13,3,11;39;59;62;65;67;72;79;91,9,108,87,False,PPPPPPPPPPPP,0,,1884,54,24,706,6,0,0
109,13,3,55;77;86,3,36,33,False,PPPPPPPPPPPP,0,,1884,54,24,706,6,0,0
109,13,3,2;17;90,3,36,3,False,PPPPPPPPPPPP,0,,1884,54,24,706,6,0,0
109,13,3,33,1,4,1,False,PPPPPPPPPPPP,0,10;142;1858,1884,54,24,706,6,0,0
109,13,3,23;32;54,3,36,15,False,PPPPPPPPPPPP,0,,1884,54,24,706,6,0,0
109,13,3,41,1,12,9,False,PPPPPPPPPPPP,0,,1884,54,24,706,6,0,0
109,13,3,8,1,12,3,False,PPPPPPPPPPPP,0,8;10;116;142;1520;1858,1884,54,24,706,6,0,0
109,13,3,76,1,4,3,False,PPPPPPPPPPPP,0,2;38;506,1884,54,24,706,6,0,0
109,13,3,68,1,12,3,False,PPPPPPPPPPPP,0,,1884,54,24,706,6,0,0
111,13,2,41;77;104,3,18,10,False,PPPPPPPPPPPP,0,,144,36,26,486,19,1,0
111,13,2,53;83;86,3,18,11,False,PPPPPPPPPPPP,0,,144,36,26,486,19,1,0
111,13,2,101,1,6,4,False,PPPPPPPPPPPP,0,2;6;8;38;90;116,144,36,26,486,19,1,0
111,13,2,44;71;107,3,18,13,False,PPPPPPPPPPPP,0,,144,36,26,486,19,1,0
111,13,2,62;65;95,3,18,14,False,PPPPPPPPPPPP,0,,144,36,26,486,19,1,0
111,13,2,26,1,6,5,False,PPPPPPPPPPPP,0,10;142,144,36,26,486,19,1,0
111,13,2,110,1,2,0,False,APPPPPPPPPPP,1,0;12,144,36,26,486,19,1,0
111,13,2,47,1,6,1,False,PPPPPPPPPPPP,0,2;8;14;38;116,144,36,26,486,19,1,0
111,13,2,11,1,6,2,False,PPPPPPPPPPPP,0,4;64,144,36,26,486,19,1,0
111,13,3,41;77;104,3,18,10,False,PPPPPPPPPPPP,0,,1884,36,26,486,19,1,0
111,13,3,53;83;86,3,18,11,False,PPPPPPPPPPPP,0,,1884,36,26,486,19,1,0
111,13,3,101,1,6,4,False,PPPPPPPPPPPP,0,2;6;8;38;90;116;506;1182;1520,1884,36,26,486,19,1,0
111,13,3,44;71;107,3,18,13,False,PPPPPPPPPPPP,0,,1884,36,26,486,19,1,0
111,13,3,62;65;95,3,18,14,False,PPPPPPPPPPPP,0,,1884,36,26,486,19,1,0
111,13,3,26,1,6,5,False,PPPPPPPPPPPP,0,10;142;1858,1884,36,26,486,19,1,0
111,13,3,110,1,2,0,False,APPPPPPPPPPP,1,0;12;168,1884,36,26,486,19,1,0
111,13,3,47,1,6,1,False,PPPPPPPPPPPP,0,2;8;14;38;116;194;506;1520,1884,36,26,486,19,1,0
111,13,3,11,1,6,2,False,PPPPPPPPPPPP,0,4;64;844,1884,36,26,486,19,1,0
113,13,2,3;6;107;110,4,112,12,False,PPPPPPPPPPPP,0,,144,56,15,728,2,0,0
113,13,2,10;27;86;103,4,112,36,False,PPPPPPPPPPPP,0,,144,56,15,728,2,0,0
113,13,2,17;21;92;96,4,112,60,False,PPPPPPPPPPPP,0,,144,56,15,728,2,0,0
113,13,2,35;40;73;78,4,16,12,False,PPPPPPPPPPPP,0,,144,56,15,728,2,0,0
113,13,2,37;47;66;76,4,112,20,False,PPPPPPPPPPPP,0,,144,56,15,728,2,0,0
113,13,2,5;54;59;108,4,112,68,False,PPPPPPPPPPPP,0,,144,56,15,728,2,0,0
113,13,2,34;46;67;79,4,112,92,False,PPPPPPPPPPPP,0,,144,56,15,728,2,0,0
113,13,2,33;39;74;80,4,112,4,False,PPPPPPPPPPPP,0,,144,56,15,728,2,0,0
113,13,2,42;48;65;71,4,16,4,False,PPPPPPPPPPPP,0,,144,56,15,728,2,0,0
113,13,2,12;55;58;101,4,112,76,False,PPPPPPPPPPPP,0,,144,56,15,728,2,0,0
113,13,2,23;45;68;90,4,112,12,False,PPPPPPPPPPPP,0,,144,56,15,728,2,0,0
113,13,2,24;29;84;89,4,112,60,False,PPPPPPPPPPPP,0,,144,56,15,728,2,0,0
113,13,2,19;38;75;94,4,112,68,False,PPPPPPPPPPPP,0,,144,56,15,728,2,0,0
113,13,2,20;43;70;93,4,112,4,False,PPPPPPPPPPPP,0,,144,56,15,728,2,0,0
113,13,3,3;6;107;110,4,112,12,False,PPPPPPPPPPPP,0,,1884,56,15,728,2,0,0
113,13,3,10;27;86;103,4,112,36,False,PPPPPPPPPPPP,0,,1884,56,15,728,2,0,0
113,13,3,17;21;92;96,4,112,60,False,PPPPPPPPPPPP,0,,1884,56,15,728,2,0,0
113,13,3,35;40;73;78,4,16,12,False,PPPPPPPPPPPP,0,,1884,56,15,728,2,0,0
113,13,3,37;47;66;76,4,112,20,False,PPPPPPPPPPPP,0,,1884,56,15,728,2,0,0
113,13,3,5;54;59;108,4,112,68,False,PPPPPPPPPPPP,0,,1884,56,15,728,2,0,0
113,13,3,34;46;67;79,4,112,92,False,PPPPPPPPPPPP,0,,1884,56,15,728,2,0,0
113,13,3,33;39;74;80,4,112,4,False,PPPPPPPPPPPP,0,,1884,56,15,728,2,0,0
113,13,3,42;48;65;71,4,16,4,False,PPPPPPPPPPPP,0,,1884,56,15,728,2,0,0
113,13,3,12;55;58;101,4,112,76,False,PPPPPPPPPPPP,0,,1884,56,15,728,2,0,0
113,13,3,23;45;68;90,4,112,12,False,PPPPPPPPPPPP,0,,1884,56,15,728,2,0,0
113,13,3,24;29;84;89,4,112,60,False,PPPPPPPPPPPP,0,,1884,56,15,728,2,0,0
113,13,3,19;38;75;94,4,112,68,False,PPPPPPPPPPPP,0,,1884,56,15,728,2,0,0
113,13,3,20;43;70;93,4,112,4,False,PPPPPPPPPPPP,0,,1884,56,15,728,2,0,0
115,13,2,14;19;34;44;74;79;84;89;99;109,10,22,13,False,PPPPPPPPPPPP,0,,144,44,26,576,5,1,0
115,13,2,2;12;27;32;52;62;72;77;82;87,10,44,19,False,PPPPPPPPPPPP,0,,144,44,26,576,5,1,0
115,13,2,3;8;13;18;48;58;73;78;98;108,10,44,41,False,PPPPPPPPPPPP,0,,144,44,26,576,5,1,0
115,13,2,114,1,2,1,False,PPPPPPPPPPPP,0,6;8;90;116,144,44,26,576,5,1,0
115,13,3,14;19;34;44;74;79;84;89;99;109,10,22,13,False,PPPPPPPPPPPP,0,,1884,44,26,576,5,1,0
115,13,3,2;12;27;32;52;62;72;77;82;87,10,44,19,False,PPPPPPPPPPPP,0,,1884,44,26,576,5,1,0
115,13,3,3;8;13;18;48;58;73;78;98;108,10,44,41,False,PPPPPPPPPPPP,0,,1884,44,26,576,5,1,0
115,13,3,114,1,2,1,False,PPPPPPPPPPPP,0,6;8;90;116;1182;1520,1884,44,26,576,5,1,0
119,13,2,37;65;107;114,4,48,26,False,PPPPPPPPPPPP,0,,144,48,26,654,29,3,0
119,13,2,39;46;88;116,4,48,10,False,PPPPPPPPPPPP,0,,144,48,26,654,29,3,0
119,13,2,59;94,2,24,2,True,APPPPPPPPPPP,1,12,144,48,26,654,29,3,0
119,13,2,76;111,2,8,6,True,APPPPPPPPPPP,1,12,144,48,26,654,29,3,0
119,13,2,26;110,2,24,10,True,APPPPPPPPPPP,1,12,144,48,26,654,29,3,0
119,13,2,23;44;58;79,4,48,14,False,PPPPPPPPPPPP,0,,144,48,26,654,29,3,0
119,13,2,11;74;95;109,4,48,46,False,PPPPPPPPPPPP,0,,144,48,26,654,29,3,0
119,13,2,115,1,12,10,False,PPPPPPPPPPPP,0,2;14;38,144,48,26,654,29,3,0
119,13,2,13,1,4,2,False,PPPPPPPPPPPP,0,6;10;90;142,144,48,26,654,29,3,0
119,13,2,47,1,12,2,False,PPPPPPPPPPPP,0,10;142,144,48,26,654,29,3,0
119,13,2,66;87,2,24,14,True,APPPPPPPPPPP,1,12,144,48,26,654,29,3,0
119,13,2,83;104,2,8,2,True,APPPPPPPPPPP,1,12,144,48,26,654,29,3,0
119,13,2,19;117,2,24,22,True,APPPPPPPPPPP,1,12,144,48,26,654,29,3,0
119,13,2,101,1,6,2,False,PPPPPPPPPPPP,0,4;64,144,48,26,654,29,3,0
119,13,2,118,1,2,0,False,APPPPPPPPPPP,1,0;12,144,48,26,654,29,3,0
119,13,2,33,1,6,4,False,PPPPPPPPPPPP,0,8;116,144,48,26,654,29,3,0
119,13,2,38,1,12,10,False,PPPPPPPPPPPP,0,2;38,144,48,26,654,29,3,0
119,13,2,55,1,4,2,False,PPPPPPPPPPPP,0,6;90,144,48,26,654,29,3,0
119,13,2,89,1,12,2,False,APPPPPPPPPPP,1,0;10;12;142,144,48,26,654,29,3,0
119,13,3,37;65;107;114,4,48,26,False,PPPPPPPPPPPP,0,,1884,48,26,654,29,3,0
119,13,3,39;46;88;116,4,48,10,False,PPPPPPPPPPPP,0,,1884,48,26,654,29,3,0
119,13,3,59;94,2,24,2,True,APPPPPPPPPPP,1,12;168,1884,48,26,654,29,3,0
119,13,3,76;111,2,8,6,True,APPPPPPPPPPP,1,12;168,1884,48,26,654,29,3,0
119,13,3,26;110,2,24,10,True,APPPPPPPPPPP,1,12;168,1884,48,26,654,29,3,0
119,13,3,23;44;58;79,4,48,14,False,PPPPPPPPPPPP,0,,1884,48,26,654,29,3,0
119,13,3,11;74;95;109,4,48,46,False,PPPPPPPPPPPP,0,,1884,48,26,654,29,3,0
119,13,3,115,1,12,10,False,PPPPPPPPPPPP,0,2;14;38;194;506,1884,48,26,654,29,3,0
119,13,3,13,1,4,2,False,PPPPPPPPPPPP,0,6;10;90;142;1182;1858,1884,48,26,654,29,3,0
119,13,3,47,1,12,2,False,PPPPPPPPPPPP,0,10;142;1858,1884,48,26,654,29,3,0
119,13,3,66;87,2,24,14,True,APPPPPPPPPPP,1,12;168,1884,48,26,654,29,3,0
119,13,3,83;104,2,8,2,True,APPPPPPPPPPP,1,12;168,1884,48,26,654,29,3,0
119,13,3,19;117,2,24,22,True,APPPPPPPPPPP,1,12;168,1884,48,26,654,29,3,0
119,13,3,101,1,6,2,False,PPPPPPPPPPPP,0,4;64;844,1884,48,26,654,29,3,0
119,13,3,118,1,2,0,False,APPPPPPPPPPP,1,0;12;168,1884,48,26,654,29,3,0
119,13,3,33,1,6,4,False,PPPPPPPPPPPP,0,8;116;1520,1884,48,26,654,29,3,0
119,13,3,38,1,12,10,False,PPPPPPPPPPPP,0,2;38;506,1884,48,26,654,29,3,0
119,13,3,55,1,4,2,False,PPPPPPPPPPPP,0,6;90;1182,1884,48,26,654,29,3,0
119,13,3,89,1,12,2,False,APPPPPPPPPPP,1,0;10;12;142;168;1858,1884,48,26,654,29,3,0
121,13,2,2;6;7;17;19;24;28;29;35;46;62;63;72;74;85;90;105;106;107;117,20,110,1,False,PPPPPPPPPPPP,0,,144,55,20,714,1,0,0
121,13,2,8;13;18;30;39;41;50;51;52;57;61;68;73;79;83;84;95;96;101;116,20,110,3,False,PPPPPPPPPPPP,0,,144,55,20,714,1,0,0
121,13,2,10;21;32;43;54;65;76;87;98;109,10,22,1,False,PPPPPPPPPPPP,0,,144,55,20,714,1,0,0
121,13,3,2;6;7;17;19;24;28;29;35;46;62;63;72;74;85;90;105;106;107;117,20,110,1,False,PPPPPPPPPPPP,0,,1884,55,20,714,1,0,0
121,13,3,8;13;18;30;39;41;50;51;52;57;61;68;73;79;83;84;95;96;101;116,20,110,3,False,PPPPPPPPPPPP,0,,1884,55,20,714,1,0,0
121,13,3,10;21;32;43;54;65;76;87;98;109,10,22,1,False,PPPPPPPPPPPP,0,,1884,55,20,714,1,0,0
123,13,2,2;20;74;77,4,20,16,False,PPPPPPPPPPPP,0,,144,40,26,530,10,2,0
123,13,2,23;86;107;113,4,10,1,False,PPPPPPPPPPPP,0,,144,40,26,530,10,2,0
123,13,2,5;8;62;80,4,20,8,False,PPPPPPPPPPPP,0,,144,40,26,530,10,2,0
123,13,2,59;92;98;119,4,10,7,False,PPPPPPPPPPPP,0,,144,40,26,530,10,2,0
123,13,2,32,1,4,0,False,APPPPPPPPPPP,1,0;12,144,40,26,530,10,2,0
123,13,2,122,1,2,1,False,PPPPPPPPPPPP,0,6;90,144,40,26,530,10,2,0
123,13,2,50,1,4,0,False,APPPPPPPPPPP,1,0;8;12;116,144,40,26,530,10,2,0
123,13,3,2;20;74;77,4,20,16,False,PPPPPPPPPPPP,0,,1884,40,26,530,10,2,0
123,13,3,23;86;107;113,4,10,1,False,PPPPPPPPPPPP,0,,1884,40,26,530,10,2,0
123,13,3,5;8;62;80,4,20,8,False,PPPPPPPPPPPP,0,,1884,40,26,530,10,2,0
123,13,3,59;92;98;119,4,10,7,False,PPPPPPPPPPPP,0,,1884,40,26,530,10,2,0
123,13,3,32,1,4,0,False,APPPPPPPPPPP,1,0;12;168,1884,40,26,530,10,2,0
123,13,3,122,1,2,1,False,PPPPPPPPPPPP,0,6;90;1182,1884,40,26,530,10,2,0
123,13,3,50,1,4,0,False,APPPPPPPPPPP,1,0;8;12;116;168;1520,1884,40,26,530,10,2,0
125,13,2,2;12;17;22;27;37;42;47;52;62;67;72;77;87;92;97;102;112;117;122,20,100,1,False,PPPPPPPPPPPP,0,,144,50,13,648,0,0,0
125,13,2,3;8;13;23;28;33;38;48;53;58;63;73;78;83;88;98;103;108;113;123,20,100,3,False,PPPPPPPPPPPP,0,,144,50,13,648,0,0,0
125,13,3,2;12;17;22;27;37;42;47;52;62;67;72;77;87;92;97;102;112;117;122,20,100,1,False,PPPPPPPPPPPP,0,,1884,50,13,648,0,0,0
125,13,3,3;8;13;23;28;33;38;48;53;58;63;73;78;83;88;98;103;108;113;123,20,100,3,False,PPPPPPPPPPPP,0,,1884,50,13,648,0,0,0
127,13,2,3;57;65;67;92;97,6,126,72,False,PPPPPPPPPPPP,0,,144,63,26,837,11,9,0
127,13,2,27;51,2,42,30,False,PPPPPPPPPPPP,0,,144,63,26,837,11,9,0
127,13,2,45;53;83;93;116;118,6,126,108,False,PPPPPPPPPPPP,0,,144,63,26,837,11,9,0
127,13,2,24;28;75,3,18,0,False,APPPPPPPPPPP,1,0;12,144,63,26,837,11,9,0
127,13,2,63;125,2,14,2,False,PPPPPPPPPPPP,0,,144,63,26,837,11,9,0
127,13,2,39;58;86;106;109;110,6,126,36,False,PPPPPPPPPPPP,0,,144,63,26,837,11,9,0
127,13,2,33;66,2,42,24,False,PPPPPPPPPPPP,0,,144,63,26,837,11,9,0
127,13,2,12;14;23;48;56;101,6,126,108,False,PPPPPPPPPPPP,0,,144,63,26,837,11,9,0
127,13,2,108,1,6,0,False,AAPPPPPPPPPP,2,0;12;24,144,63,26,837,11,9,0
127,13,2,6;7;46;96;112;114,6,126,36,False,PPPPPPPPPPPP,0,,144,63,26,837,11,9,0
127,13,2,111;119,2,14,6,False,PPPPPPPPPPPP,0,,144,63,26,837,11,9,0
127,13,2,29;43;55;78;85;91,6,126,72,False,PPPPPPPPPPPP,0,,144,63,26,837,11,9,0
127,13,2,10;40,2,42,36,False,PPPPPPPPPPPP,0,,144,63,26,837,11,9,0
127,13,2,59;90;105,3,18,0,False,APPPPPPPPPPP,1,0;12,144,63,26,837,11,9,0
127,13,2,95;123,2,14,10,False,PPPPPPPPPPPP,0,,144,63,26,837,11,9,0
127,13,2,77;102,2,42,24,False,PPPPPPPPPPPP,0,,144,63,26,837,11,9,0
127,13,2,126,1,2,0,True,AAPPPPPPPPPP,2,0;12;24,144,63,26,837,11,9,0
127,13,2,54;89,2,42,36,False,PPPPPPPPPPPP,0,,144,63,26,837,11,9,0
127,13,2,5;80,2,42,30,False,PPPPPPPPPPPP,0,,144,63,26,837,11,9,0
127,13,2,20,1,6,0,False,APPPPPPPPPPP,1,0;12,144,63,26,837,11,9,0
127,13,3,3;57;65;67;92;97,6,126,72,False,PPPPPPPPPPPP,0,,1884,63,26,837,11,9,0
127,13,3,27;51,2,42,30,False,PPPPPPPPPPPP,0,,1884,63,26,837,11,9,0
127,13,3,45;53;83;93;116;118,6,126,108,False,PPPPPPPPPPPP,0,,1884,63,26,837,11,9,0
127,13,3,24;28;75,3,18,0,False,APPPPPPPPPPP,1,0;12;168,1884,63,26,837,11,9,0
127,13,3,63;125,2,14,2,False,PPPPPPPPPPPP,0,,1884,63,26,837,11,9,0
127,13,3,39;58;86;106;109;110,6,126,36,False,PPPPPPPPPPPP,0,,1884,63,26,837,11,9,0
127,13,3,33;66,2,42,24,False,PPPPPPPPPPPP,0,,1884,63,26,837,11,9,0
127,13,3,12;14;23;48;56;101,6,126,108,False,PPPPPPPPPPPP,0,,1884,63,26,837,11,9,0
127,13,3,108,1,6,0,False,AAPPPPPPPPPP,2,0;12;24;168;324,1884,63,26,837,11,9,0
127,13,3,6;7;46;96;112;114,6,126,36,False,PPPPPPPPPPPP,0,,1884,63,26,837,11,9,0
127,13,3,111;119,2,14,6,False,PPPPPPPPPPPP,0,,1884,63,26,837,11,9,0
127,13,3,29;43;55;78;85;91,6,126,72,False,PPPPPPPPPPPP,0,,1884,63,26,837,11,9,0
127,13,3,10;40,2,42,36,False,PPPPPPPPPPPP,0,,1884,63,26,837,11,9,0
127,13,3,59;90;105,3,18,0,False,APPPPPPPPPPP,1,0;12;168,1884,63,26,837,11,9,0
127,13,3,95;123,2,14,10,False,PPPPPPPPPPPP,0,,1884,63,26,837,11,9,0
127,13,3,77;102,2,42,24,False,PPPPPPPPPPPP,0,,1884,63,26,837,11,9,0
127,13,3,126,1,2,0,True,AAPPPPPPPPPP,2,0;12;24;168;324,1884,63,26,837,11,9,0
127,13,3,54;89,2,42,36,False,PPPPPPPPPPPP,0,,1884,63,26,837,11,9,0
127,13,3,5;80,2,42,30,False,PPPPPPPPPPPP,0,,1884,63,26,837,11,9,0
127,13,3,20,1,6,0,False,APPPPPPPPPPP,1,0;12;168,1884,63,26,837,11,9,0
129,13,2,95;101,2,42,33,False,PPPPPPPPPPPP,0,,144,42,25,557,13,0,0
129,13,2,38;53,2,42,3,False,PPPPPPPPPPPP,0,,144,42,25,557,13,0,0
129,13,2,41;107,2,14,5,False,PPPPPPPPPPPP,0,,144,42,25,557,13,0,0
129,13,2,14;68,2,42,27,False,PPPPPPPPPPPP,0,,144,42,25,557,13,0,0
129,13,2,11;47,2,14,3,False,PPPPPPPPPPPP,0,,144,42,25,557,13,0,0
129,13,2,122,1,6,3,False,PPPPPPPPPPPP,0,6;90,144,42,25,557,13,0,0
129,13,2,23;110,2,42,33,False,PPPPPPPPPPPP,0,,144,42,25,557,13,0,0
129,13,2,35;59,2,14,1,False,PPPPPPPPPPPP,0,,144,42,25,557,13,0,0
129,13,2,74;83,2,42,27,False,PPPPPPPPPPPP,0,,144,42,25,557,13,0,0
129,13,2,92,1,6,3,False,PPPPPPPPPPPP,0,6;90,144,42,25,557,13,0,0
129,13,2,17;56,2,42,3,False,PPPPPPPPPPPP,0,,144,42,25,557,13,0,0
129,13,3,95;101,2,42,33,False,PPPPPPPPPPPP,0,,1884,42,25,557,13,0,0
129,13,3,38;53,2,42,3,False,PPPPPPPPPPPP,0,,1884,42,25,557,13,0,0
129,13,3,41;107,2,14,5,False,PPPPPPPPPPPP,0,,1884,42,25,557,13,0,0
129,13,3,14;68,2,42,27,False,PPPPPPPPPPPP,0,,1884,42,25,557,13,0,0
129,13,3,11;47,2,14,3,False,PPPPPPPPPPPP,0,,1884,42,25,557,13,0,0
129,13,3,122,1,6,3,False,PPPPPPPPPPPP,0,6;90;1182,1884,42,25,557,13,0,0
129,13,3,23;110,2,42,33,False,PPPPPPPPPPPP,0,,1884,42,25,557,13,0,0
129,13,3,35;59,2,14,1,False,PPPPPPPPPPPP,0,,1884,42,25,557,13,0,0
129,13,3,74;83,2,42,27,False,PPPPPPPPPPPP,0,,1884,42,25,557,13,0,0
129,13,3,92,1,6,3,False,PPPPPPPPPPPP,0,6;90;1182,1884,42,25,557,13,0,0
129,13,3,17;56,2,42,3,False,PPPPPPPPPPPP,0,,1884,42,25,557,13,0,0
133,13,2,2;79;128,3,18,13,False,PPPPPPPPPPPP,0,,144,54,26,733,30,3,0
133,13,2,60;109;116,3,18,7,False,PPPPPPPPPPPP,0,,144,54,26,733,30,3,0
133,13,2,66;80;101,3,18,8,False,PPPPPPPPPPPP,0,,144,54,26,733,30,3,0
133,13,2,6;104;118,3,18,2,False,PPPPPPPPPPPP,0,,144,54,26,733,30,3,0
133,13,2,47;61;82,3,18,14,False,PPPPPPPPPPPP,0,,144,54,26,733,30,3,0
133,13,2,65,1,6,5,False,PPPPPPPPPPPP,0,10;142,144,54,26,733,30,3,0
133,13,2,46,1,6,3,False,PPPPPPPPPPPP,0,6;90,144,54,26,733,30,3,0
133,13,2,17;24;73,3,18,10,False,PPPPPPPPPPPP,0,,144,54,26,733,30,3,0
133,13,2,55;62;111,3,18,4,False,PPPPPPPPPPPP,0,,144,54,26,733,30,3,0
133,13,2,5;54;131,3,18,16,False,PPPPPPPPPPPP,0,,144,54,26,733,30,3,0
133,13,2,51;72;86,3,18,17,False,PPPPPPPPPPPP,0,,144,54,26,733,30,3,0
133,13,2,32;53;67,3,18,11,False,PPPPPPPPPPPP,0,,144,54,26,733,30,3,0
133,13,2,45,1,6,4,False,PPPPPPPPPPPP,0,8;116,144,54,26,733,30,3,0
133,13,2,83,1,6,2,False,PPPPPPPPPPPP,0,4;64,144,54,26,733,30,3,0
133,13,2,26,1,6,0,False,AAPPPPPPPPPP,2,0;12;24,144,54,26,733,30,3,0
133,13,2,37,1,6,1,False,PPPPPPPPPPPP,0,2;38,144,54,26,733,30,3,0
133,13,2,18,1,6,5,False,PPPPPPPPPPPP,0,10;142,144,54,26,733,30,3,0
133,13,2,87,1,6,0,False,APPPPPPPPPPP,1,0;4;6;12;64;90,144,54,26,733,30,3,0
133,13,2,125,1,6,4,False,PPPPPPPPPPPP,0,8;116,144,54,26,733,30,3,0
133,13,2,68,1,6,2,False,PPPPPPPPPPPP,0,4;64,144,54,26,733,30,3,0
133,13,2,107,1,6,3,False,PPPPPPPPPPPP,0,6;8;90;116,144,54,26,733,30,3,0
133,13,2,88,1,6,1,False,PPPPPPPPPPPP,0,2;10;38;142,144,54,26,733,30,3,0
133,13,3,2;79;128,3,18,13,False,PPPPPPPPPPPP,0,,1884,54,26,733,30,3,0
133,13,3,60;109;116,3,18,7,False,PPPPPPPPPPPP,0,,1884,54,26,733,30,3,0
133,13,3,66;80;101,3,18,8,False,PPPPPPPPPPPP,0,,1884,54,26,733,30,3,0
133,13,3,6;104;118,3,18,2,False,PPPPPPPPPPPP,0,,1884,54,26,733,30,3,0
133,13,3,47;61;82,3,18,14,False,PPPPPPPPPPPP,0,,1884,54,26,733,30,3,0
133,13,3,65,1,6,5,False,PPPPPPPPPPPP,0,10;142;1858,1884,54,26,733,30,3,0
133,13,3,46,1,6,3,False,PPPPPPPPPPPP,0,6;90;1182,1884,54,26,733,30,3,0
133,13,3,17;24;73,3,18,10,False,PPPPPPPPPPPP,0,,1884,54,26,733,30,3,0
133,13,3,55;62;111,3,18,4,False,PPPPPPPPPPPP,0,,1884,54,26,733,30,3,0
133,13,3,5;54;131,3,18,16,False,PPPPPPPPPPPP,0,,1884,54,26,733,30,3,0
133,13,3,51;72;86,3,18,17,False,PPPPPPPPPPPP,0,,1884,54,26,733,30,3,0
133,13,3,32;53;67,3,18,11,False,PPPPPPPPPPPP,0,,1884,54,26,733,30,3,0
133,13,3,45,1,6,4,False,PPPPPPPPPPPP,0,8;116;1520,1884,54,26,733,30,3,0
133,13,3,83,1,6,2,False,PPPPPPPPPPPP,0,4;64;844,1884,54,26,733,30,3,0
133,13,3,26,1,6,0,False,AAPPPPPPPPPP,2,0;12;24;168;324,1884,54,26,733,30,3,0
133,13,3,37,1,6,1,False,PPPPPPPPPPPP,0,2;38;506,1884,54,26,733,30,3,0
133,13,3,18,1,6,5,False,PPPPPPPPPPPP,0,10;142;1858,1884,54,26,733,30,3,0
133,13,3,87,1,6,0,False,APPPPPPPPPPP,1,0;4;6;12;64;90;168;844;1182,1884,54,26,733,30,3,0
133,13,3,125,1,6,4,False,PPPPPPPPPPPP,0,8;116;1520,1884,54,26,733,30,3,0
133,13,3,68,1,6,2,False,PPPPPPPPPPPP,0,4;64;844,1884,54,26,733,30,3,0
133,13,3,107,1,6,3,False,PPPPPPPPPPPP,0,6;8;90;116;1182;1520,1884,54,26,733,30,3,0
133,13,3,88,1,6,1,False,PPPPPPPPPPPP,0,2;10;38;142;506;1858,1884,54,26,733,30,3,0
135,13,2,22;67;112,3,36,13,False,PPPPPPPPPPPP,0,,144,36,26,482,15,1,0
135,13,2,7;52;97,3,36,17,False,PPPPPPPPPPPP,0,,144,36,26,482,15,1,0
135,13,2,29;74;119,3,18,10,False,PPPPPPPPPPPP,0,,144,36,26,482,15,1,0
135,13,2,14;59;104,3,18,14,False,PPPPPPPPPPPP,0,,144,36,26,482,15,1,0
135,13,2,13;58;103,3,36,31,False,PPPPPPPPPPPP,0,,144,36,26,482,15,1,0
135,13,2,43;88;133,3,36,35,False,PPPPPPPPPPPP,0,,144,36,26,482,15,1,0
135,13,3,22;67;112,3,36,13,False,PPPPPPPPPPPP,0,,1884,36,26,482,15,1,0
135,13,3,7;52;97,3,36,17,False,PPPPPPPPPPPP,0,,1884,36,26,482,15,1,0
135,13,3,29;74;119,3,18,10,False,PPPPPPPPPPPP,0,,1884,36,26,482,15,1,0
135,13,3,14;59;104,3,18,14,False,PPPPPPPPPPPP,0,,1884,36,26,482,15,1,0
135,13,3,13;58;103,3,36,31,False,PPPPPPPPPPPP,0,,1884,36,26,482,15,1,0
135,13,3,43;88;133,3,36,35,False,PPPPPPPPPPPP,0,,1884,36,26,482,15,1,0
137,13,2,3;12;54;79,4,136,10,False,PPPPPPPPPPPP,0,,144,68,19,883,1,0,0
137,13,2,27;51;84;113,4,136,30,False,PPPPPPPPPPPP,0,,144,68,19,883,1,0,0
137,13,2,40;71;94;106,4,136,50,False,PPPPPPPPPPPP,0,,144,68,19,883,1,0,0
137,13,2,6;20;29;132,4,136,70,False,PPPPPPPPPPPP,0,,144,68,19,883,1,0,0
137,13,2,13;35;42;92,4,136,90,False,PPPPPPPPPPPP,0,,144,68,19,883,1,0,0
137,13,2,21;67;75;90,4,136,14,False,PPPPPPPPPPPP,0,,144,68,19,883,1,0,0
137,13,2,10;127,2,8,2,False,PPPPPPPPPPPP,0,,144,68,19,883,1,0,0
137,13,2,47;62;70;116,4,136,54,False,PPPPPPPPPPPP,0,,144,68,19,883,1,0,0
137,13,2,5;108;117;131,4,136,94,False,PPPPPPPPPPPP,0,,144,68,19,883,1,0,0
137,13,2,24;53;86;110,4,136,38,False,PPPPPPPPPPPP,0,,144,68,19,883,1,0,0
137,13,2,26;57;91;104,4,136,78,False,PPPPPPPPPPPP,0,,144,68,19,883,1,0,0
137,13,2,31;43;66;97,4,136,98,False,PPPPPPPPPPPP,0,,144,68,19,883,1,0,0
137,13,2,23;48;52;82,4,136,2,False,PPPPPPPPPPPP,0,,144,68,19,883,1,0,0
137,13,2,45;95;102;124,4,136,82,False,PPPPPPPPPPPP,0,,144,68,19,883,1,0,0
137,13,2,41;96,2,8,6,False,PPPPPPPPPPPP,0,,144,68,19,883,1,0,0
137,13,2,55;85;89;114,4,136,26,False,PPPPPPPPPPPP,0,,144,68,19,883,1,0,0
137,13,2,58;83;125;134,4,136,10,False,PPPPPPPPPPPP,0,,144,68,19,883,1,0,0
137,13,2,33;46;80;111,4,136,78,False,PPPPPPPPPPPP,0,,144,68,19,883,1,0,0
137,13,3,3;12;54;79,4,136,10,False,PPPPPPPPPPPP,0,,1884,68,19,883,1,0,0
137,13,3,27;51;84;113,4,136,30,False,PPPPPPPPPPPP,0,,1884,68,19,883,1,0,0
137,13,3,40;71;94;106,4,136,50,False,PPPPPPPPPPPP,0,,1884,68,19,883,1,0,0
137,13,3,6;20;29;132,4,136,70,False,PPPPPPPPPPPP,0,,1884,68,19,883,1,0,0
137,13,3,13;35;42;92,4,136,90,False,PPPPPPPPPPPP,0,,1884,68,19,883,1,0,0
137,13,3,21;67;75;90,4,136,14,False,PPPPPPPPPPPP,0,,1884,68,19,883,1,0,0
137,13,3,10;127,2,8,2,False,PPPPPPPPPPPP,0,,1884,68,19,883,1,0,0
137,13,3,47;62;70;116,4,136,54,False,PPPPPPPPPPPP,0,,1884,68,19,883,1,0,0
137,13,3,5;108;117;131,4,136,94,False,PPPPPPPPPPPP,0,,1884,68,19,883,1,0,0
137,13,3,24;53;86;110,4,136,38,False,PPPPPPPPPPPP,0,,1884,68,19,883,1,0,0
137,13,3,26;57;91;104,4,136,78,False,PPPPPPPPPPPP,0,,1884,68,19,883,1,0,0
137,13,3,31;43;66;97,4,136,98,False,PPPPPPPPPPPP,0,,1884,68,19,883,1,0,0
137,13,3,23;48;52;82,4,136,2,False,PPPPPPPPPPPP,0,,1884,68,19,883,1,0,0
137,13,3,45;95;102;124,4,136,82,False,PPPPPPPPPPPP,0,,1884,68,19,883,1,0,0
137,13,3,41;96,2,8,6,False,PPPPPPPPPPPP,0,,1884,68,19,883,1,0,0
137,13,3,55;85;89;114,4,136,26,False,PPPPPPPPPPPP,0,,1884,68,19,883,1,0,0
137,13,3,58;83;125;134,4,136,10,False,PPPPPPPPPPPP,0,,1884,68,19,883,1,0,0
137,13,3,33;46;80;111,4,136,78,False,PPPPPPPPPPPP,0,,1884,68,19,883,1,0,0
139,13,2,2;15;72;73;85;90;110;111;123;126;130,11,138,1,False,PPPPPPPPPPPP,0,,144,69,24,899,4,0,0
139,13,2,8;10;23;27;33;39;74;75;84;95;105,11,46,1,False,PPPPPPPPPPPP,0,,144,69,24,899,4,0,0
139,13,2,17;18;26;32;40;56;70;102;108;115;134,11,138,5,False,PPPPPPPPPPPP,0,,144,69,24,899,4,0,0
139,13,2,12;19;21;61;68;88;93;104;114;119;128,11,138,7,False,PPPPPPPPPPPP,0,,144,69,24,899,4,0,0
139,13,2,14;48;59;60;62;76;82;87;94;103;133,11,46,5,False,PPPPPPPPPPPP,0,,144,69,24,899,4,0,0
139,13,2,97,1,6,1,False,PPPPPPPPPPPP,0,2;8;38;116,144,69,24,899,4,0,0
139,13,2,3;22;50;53;58;92;98;101;109;132;135,11,138,29,False,PPPPPPPPPPPP,0,,144,69,24,899,4,0,0
139,13,2,138,1,2,1,True,APPPPPPPPPPP,1,6;12;90,144,69,24,899,4,0,0
139,13,2,43,1,6,5,False,PPPPPPPPPPPP,0,10;142,144,69,24,899,4,0,0
139,13,3,2;15;72;73;85;90;110;111;123;126;130,11,138,1,False,PPPPPPPPPPPP,0,,1884,69,24,899,4,0,0
139,13,3,8;10;23;27;33;39;74;75;84;95;105,11,46,1,False,PPPPPPPPPPPP,0,,1884,69,24,899,4,0,0
139,13,3,17;18;26;32;40;56;70;102;108;115;134,11,138,5,False,PPPPPPPPPPPP,0,,1884,69,24,899,4,0,0
139,13,3,12;19;21;61;68;88;93;104;114;119;128,11,138,7,False,PPPPPPPPPPPP,0,,1884,69,24,899,4,0,0
139,13,3,14;48;59;60;62;76;82;87;94;103;133,11,46,5,False,PPPPPPPPPPPP,0,,1884,69,24,899,4,0,0
139,13,3,97,1,6,1,False,PPPPPPPPPPPP,0,2;8;38;116;506;1520,1884,69,24,899,4,0,0
139,13,3,3;22;50;53;58;92;98;101;109;132;135,11,138,29,False,PPPPPPPPPPPP,0,,1884,69,24,899,4,0,0
139,13,3,138,1,2,1,True,APPPPPPPPPPP,1,6;12;90;168;1182,1884,69,24,899,4,0,0
139,13,3,43,1,6,5,False,PPPPPPPPPPPP,0,10;142;1858,1884,69,24,899,4,0,0
141,13,2,2;8;14;17;65;68;89;98;101;110;119,11,46,13,False,PPPPPPPPPPPP,0,,144,46,26,599,2,1,0
141,13,2,32;50;53;56;59;71;74;83;122;128;131,11,46,19,False,PPPPPPPPPPPP,0,,144,46,26,599,2,1,0
141,13,3,2;8;14;17;65;68;89;98;101;110;119,11,46,13,False,PPPPPPPPPPPP,0,,1884,46,26,599,2,1,0
141,13,3,32;50;53;56;59;71;74;83;122;128;131,11,46,19,False,PPPPPPPPPPPP,0,,1884,46,26,599,2,1,0
145,13,2,14;89,2,28,15,False,PPPPPPPPPPPP,0,,144,56,25,733,7,0,0
145,13,2,22;62,2,28,9,False,PPPPPPPPPPPP,0,,144,56,25,733,7,0,0
145,13,2,33;138,2,28,23,False,PPPPPPPPPPPP,0,,144,56,25,733,7,0,0
145,13,2,124;134,2,28,17,False,PPPPPPPPPPPP,0,,144,56,25,733,7,0,0
145,13,2,107;132,2,28,11,False,PPPPPPPPPPPP,0,,144,56,25,733,7,0,0
145,13,2,78;103,2,28,25,False,PPPPPPPPPPPP,0,,144,56,25,733,7,0,0
145,13,2,19;119,2,28,19,False,PPPPPPPPPPPP,0,2;38,144,56,25,733,7,0,0
145,13,2,92;122,2,28,13,False,PPPPPPPPPPPP,0,,144,56,25,733,7,0,0
145,13,2,63;93,2,28,27,False,PPPPPPPPPPPP,0,,144,56,25,733,7,0,0
145,13,2,99,1,4,3,True,APPPPPPPPPPP,1,12,144,56,25,733,7,0,0
145,13,2,52;82,2,28,15,False,PPPPPPPPPPPP,0,,144,56,25,733,7,0,0
145,13,2,23;53,2,28,1,False,PPPPPPPPPPPP,0,,144,56,25,733,7,0,0
145,13,2,42;67,2,28,17,False,PPPPPPPPPPPP,0,,144,56,25,733,7,0,0
145,13,2,13;38,2,28,3,False,PPPPPPPPPPPP,0,,144,56,25,733,7,0,0
145,13,2,7;112,2,28,19,False,PPPPPPPPPPPP,0,,144,56,25,733,7,0,0
145,13,2,83;123,2,28,5,False,PPPPPPPPPPPP,0,,144,56,25,733,7,0,0
145,13,2,57,1,4,3,False,PPPPPPPPPPPP,0,,144,56,25,733,7,0,0
145,13,2,28,1,4,1,False,PPPPPPPPPPPP,0,,144,56,25,733,7,0,0
145,13,2,44;114,2,28,1,False,PPPPPPPPPPPP,0,,144,56,25,733,7,0,0
145,13,2,69;79,2,28,3,False,PPPPPPPPPPPP,0,,144,56,25,733,7,0,0
145,13,2,39;84,2,28,5,False,PPPPPPPPPPPP,0,,144,56,25,733,7,0,0
145,13,2,104,1,4,1,True,APPPPPPPPPPP,1,12,144,56,25,733,7,0,0
145,13,3,14;89,2,28,15,False,PPPPPPPPPPPP,0,,1884,56,25,733,7,0,0
145,13,3,22;62,2,28,9,False,PPPPPPPPPPPP,0,,1884,56,25,733,7,0,0
145,13,3,33;138,2,28,23,False,PPPPPPPPPPPP,0,,1884,56,25,733,7,0,0
145,13,3,124;134,2,28,17,False,PPPPPPPPPPPP,0,,1884,56,25,733,7,0,0
145,13,3,107;132,2,28,11,False,PPPPPPPPPPPP,0,,1884,56,25,733,7,0,0
145,13,3,78;103,2,28,25,False,PPPPPPPPPPPP,0,,1884,56,25,733,7,0,0
145,13,3,19;119,2,28,19,False,PPPPPPPPPPPP,0,2;38;506,1884,56,25,733,7,0,0
145,13,3,92;122,2,28,13,False,PPPPPPPPPPPP,0,,1884,56,25,733,7,0,0
145,13,3,63;93,2,28,27,False,PPPPPPPPPPPP,0,,1884,56,25,733,7,0,0
145,13,3,99,1,4,3,True,APPPPPPPPPPP,1,12;168,1884,56,25,733,7,0,0
145,13,3,52;82,2,28,15,False,PPPPPPPPPPPP,0,,1884,56,25,733,7,0,0
145,13,3,23;53,2,28,1,False,PPPPPPPPPPPP,0,,1884,56,25,733,7,0,0
145,13,3,42;67,2,28,17,False,PPPPPPPPPPPP,0,,1884,56,25,733,7,0,0
145,13,3,13;38,2,28,3,False,PPPPPPPPPPPP,0,,1884,56,25,733,7,0,0
145,13,3,7;112,2,28,19,False,PPPPPPPPPPPP,0,,1884,56,25,733,7,0,0
145,13,3,83;123,2,28,5,False,PPPPPPPPPPPP,0,,1884,56,25,733,7,0,0
145,13,3,57,1,4,3,False,PPPPPPPPPPPP,0,,1884,56,25,733,7,0,0
145,13,3,28,1,4,1,False,PPPPPPPPPPPP,0,,1884,56,25,733,7,0,0
145,13,3,44;114,2,28,1,False,PPPPPPPPPPPP,0,,1884,56,25,733,7,0,0
145,13,3,69;79,2,28,3,False,PPPPPPPPPPPP,0,,1884,56,25,733,7,0,0
145,13,3,39;84,2,28,5,False,PPPPPPPPPPPP,0,,1884,56,25,733,7,0,0
145,13,3,104,1,4,1,True,APPPPPPPPPPP,1,12;168,1884,56,25,733,7,0,0
147,13,2,2;107,2,42,31,False,PPPPPPPPPPPP,0,,144,42,26,552,7,1,0
147,13,2,32;53,2,42,41,False,PPPPPPPPPPPP,0,,144,42,26,552,7,1,0
147,13,2,8;92,2,14,3,False,PPPPPPPPPPPP,0,,144,42,26,552,7,1,0
147,13,2,44;65,2,42,19,False,PPPPPPPPPPPP,0,,144,42,26,552,7,1,0
147,13,2,113;134,2,14,13,False,PPPPPPPPPPPP,0,,144,42,26,552,7,1,0
147,13,2,11;74,2,42,17,False,PPPPPPPPPPPP,0,,144,42,26,552,7,1,0
147,13,2,29;71,2,14,9,False,PPPPPPPPPPPP,0,,144,42,26,552,7,1,0
147,13,2,95;137,2,42,5,False,PPPPPPPPPPPP,0,,144,42,26,552,7,1,0
147,13,2,23;86,2,42,13,False,PPPPPPPPPPPP,0,,144,42,26,552,7,1,0
147,13,3,2;107,2,42,31,False,PPPPPPPPPPPP,0,,1884,42,26,552,7,1,0
147,13,3,32;53,2,42,41,False,PPPPPPPPPPPP,0,,1884,42,26,552,7,1,0
147,13,3,8;92,2,14,3,False,PPPPPPPPPPPP,0,,1884,42,26,552,7,1,0
147,13,3,44;65,2,42,19,False,PPPPPPPPPPPP,0,,1884,42,26,552,7,1,0
147,13,3,113;134,2,14,13,False,PPPPPPPPPPPP,0,,1884,42,26,552,7,1,0
147,13,3,11;74,2,42,17,False,PPPPPPPPPPPP,0,,1884,42,26,552,7,1,0
147,13,3,29;71,2,14,9,False,PPPPPPPPPPPP,0,,1884,42,26,552,7,1,0
147,13,3,95;137,2,42,5,False,PPPPPPPPPPPP,0,,1884,42,26,552,7,1,0
147,13,3,23;86,2,42,13,False,PPPPPPPPPPPP,0,,1884,42,26,552,7,1,0
149,13,2,2;10;11;12;13;21;27;32;34;38;41;43;50;55;56;58;59;60;62;65;66;72;74;78;79;92;97;98;101;109;126;131;134;135;141;146,36,148,1,False,PPPPPPPPPPPP,0,,144,74,13,960,0,0,0
149,13,2,3;8;14;15;18;23;40;48;51;52;57;70;71;75;77;83;84;87;89;90;91;93;94;99;106;108;111;115;117;122;128;136;137;138;139;147,36,148,3,False,PPPPPPPPPPPP,0,,144,74,13,960,0,0,0
149,13,2,105,1,4,1,False,PPPPPPPPPPPP,0,,144,74,13,960,0,0,0
149,13,2,44,1,4,3,False,PPPPPPPPPPPP,0,,144,74,13,960,0,0,0
149,13,3,2;10;11;12;13;21;27;32;34;38;41;43;50;55;56;58;59;60;62;65;66;72;74;78;79;92;97;98;101;109;126;131;134;135;141;146,36,148,1,False,PPPPPPPPPPPP,0,,1884,74,13,960,0,0,0
149,13,3,3;8;14;15;18;23;40;48;51;52;57;70;71;75;77;83;84;87;89;90;91;93;94;99;106;108;111;115;117;122;128;136;137;138;139;147,36,148,3,False,PPPPPPPPPPPP,0,,1884,74,13,960,0,0,0
149,13,3,105,1,4,1,False,PPPPPPPPPPPP,0,,1884,74,13,960,0,0,0
149,13,3,44,1,4,3,False,PPPPPPPPPPPP,0,,1884,74,13,960,0,0,0
